CAL,UCB,RIT,UCLA,UCSC,UFL,UMAD,RICE,UMD,UCSD
0.4300000000000068,-1.4500000000000028,-0.8799999999999955,14.719999999999999,-5.340000000000003,-0.4400000000000013,11.099999999999994,1.7000000000000028,0.6600000000000108,-20.26000000000002
1.6799999999999926,-3.270000000000003,3.5400000000000063,-17.9,-1.6800000000000068,1.5700000000000003,10.86,1.0800000000000125,-5.400000000000006,-14.97999999999999
-1.8299999999999983,3.539999999999999,7.759999999999991,6.75,2.569999999999993,-1.129999999999999,-3.3799999999999955,0.19999999999998863,-1.6200000000000045,1.5500000000000114
-1.5300000000000011,1.240000000000002,0.09000000000000341,-12.21,0.21999999999999886,0.9600000000000009,-6.590000000000003,-4.840000000000003,2.5,28.20999999999998
7.280000000000001,-1.6099999999999994,-1.4699999999999989,21.69,-7.389999999999986,2.3599999999999994,24.120000000000005,-1.5300000000000011,-3.1799999999999926,-41.849999999999994
-4.219999999999999,0.23000000000000398,-3.9099999999999966,2.5500000000000007,6.8700000000000045,1.3399999999999999,-9.400000000000006,1.7900000000000063,5.819999999999993,7.3300000000000125
-5.269999999999996,-0.030000000000001137,6.8999999999999915,-21.6,0.14999999999997726,-0.10999999999999943,-34.64999999999999,4.709999999999994,-0.39000000000000057,51.92999999999998
5.929999999999993,0.30999999999999517,-0.7399999999999949,23.26,5.510000000000019,-1.2300000000000004,10.459999999999994,-11.689999999999998,0.8599999999999994,-15.780000000000001
2.200000000000003,-1.0899999999999963,-2.0999999999999943,-22.94,-5.640000000000015,2.5700000000000003,14.180000000000007,6.780000000000001,-6.449999999999989,-32.53
-5.700000000000003,-1.5500000000000043,4.609999999999999,-2.7700000000000005,-11.960000000000008,1.6499999999999986,22.799999999999983,0.4200000000000017,8.989999999999995,-17.129999999999995
-0.8999999999999915,0.240000000000002,6.299999999999997,0.8399999999999999,19.05000000000001,0.10999999999999943,-6.72999999999999,-5.219999999999999,-6.680000000000007,9.080000000000013
7.929999999999993,2.230000000000004,4.859999999999999,16.2,-21.28,2.0199999999999996,-5.189999999999998,-2.3299999999999983,1.5800000000000125,-5.920000000000016
-2.2099999999999937,-1.0399999999999991,-1.3700000000000045,12.400000000000002,2.4099999999999966,1.6900000000000013,-30.11,8.560000000000002,-2.960000000000008,65.08000000000001
7.099999999999994,3.979999999999997,7.63000000000001,-4.030000000000001,2.030000000000001,-0.25,41.980000000000004,-7.820000000000007,-2.4399999999999977,-54.94
-8.379999999999995,-0.17999999999999972,-0.25,-24.51,1.1200000000000045,1.1300000000000026,-30.52000000000001,9.829999999999998,-2.3900000000000006,46.879999999999995
1.3699999999999903,-2.789999999999999,-2.5600000000000023,22.970000000000002,-4.949999999999989,-0.39000000000000057,-19.61999999999999,-7.230000000000004,7.070000000000007,23.52000000000001
0.14000000000000057,1.9799999999999969,1.9399999999999977,-8.150000000000002,4.389999999999986,-1.870000000000001,28.89999999999999,1.6700000000000017,-4.560000000000002,-40.01000000000002
-7.3799999999999955,-4.539999999999999,6.22999999999999,10.57,10.120000000000005,0.5899999999999999,16.210000000000008,4.560000000000002,5.409999999999997,-44.53999999999999
6.340000000000003,3.700000000000003,-7.560000000000002,-21.33,2.569999999999993,0.21999999999999886,-13.659999999999997,-5.079999999999998,-1.9500000000000028,30.5
-6.740000000000009,-3.25,13.25,18.79,0.5699999999999932,-0.28999999999999915,19.319999999999993,5.260000000000005,6.280000000000001,-28.189999999999998
9.13000000000001,3.4499999999999957,-39.359999999999985,-0.019999999999999574,-13.48999999999998,-0.5600000000000023,-43.94,-9.340000000000003,-8.450000000000003,84.72999999999999
0.5799999999999983,-0.4099999999999966,-1.710000000000008,0.4399999999999977,-5.840000000000003,2.530000000000001,37.43000000000001,7.599999999999994,2.700000000000003,-79.20999999999998
0.6599999999999966,0.44999999999999574,9.079999999999998,4.210000000000001,5.759999999999991,0.10000000000000142,-37.28,-1.1599999999999966,4.840000000000003,42.94
-10.319999999999993,-1.7899999999999991,-5.289999999999992,-8.559999999999999,10.200000000000017,0.5799999999999983,35.56,-4.310000000000002,-4.950000000000003,-52.77000000000001
10.180000000000007,-0.0799999999999983,-0.2600000000000051,8.309999999999999,-12.52000000000001,0.3100000000000023,3.6999999999999886,-2.3599999999999994,5.400000000000006,9.680000000000007
-4.550000000000011,1.0799999999999983,6.930000000000007,-2.4299999999999997,12.629999999999995,3.299999999999997,-7.47999999999999,5.6000000000000085,-4.090000000000003,-5.1299999999999955
2.530000000000001,-2.259999999999998,-0.8700000000000045,-5.329999999999998,-6.240000000000009,-1.269999999999996,2.8400000000000034,-5.460000000000008,0.5499999999999972,9.599999999999994
3.490000000000009,1.6099999999999994,4.859999999999999,3.2099999999999973,-4.1699999999999875,2.1199999999999974,2.2399999999999807,6.640000000000001,-0.4000000000000057,-15.900000000000006
-9.100000000000009,0.8000000000000043,2.4000000000000057,2.6799999999999997,-6.819999999999993,1.3800000000000026,-24.279999999999987,-7.049999999999997,1.9500000000000028,51.05000000000001
5.179999999999993,-1.3000000000000043,-0.8500000000000085,-1.9299999999999997,17.44999999999999,-2.4000000000000057,25.230000000000004,2.9000000000000057,-0.23999999999999488,-30.980000000000018
1.7199999999999989,-2.719999999999999,6.900000000000006,1.5100000000000016,-1.6399999999999864,0.5300000000000011,-3.1200000000000045,10.019999999999982,-5.810000000000002,-6.189999999999998
-3.4599999999999937,0.060000000000002274,-7.430000000000007,-26.02,-11.719999999999999,2.280000000000001,9.25,-10.269999999999982,6.799999999999997,-13.109999999999985
3.519999999999996,3.299999999999997,12.080000000000013,17.599999999999998,-0.2300000000000182,0.7199999999999989,-34.67,4.529999999999987,-1.6199999999999903,46.66999999999999
-6.349999999999994,1.2899999999999991,0.04999999999998295,1.6700000000000017,4.75,1.6000000000000014,26.799999999999997,0.7600000000000051,-5.590000000000003,-38.46000000000001
1.6899999999999977,-2.9099999999999966,-2.489999999999995,-12.38,-2.9399999999999977,2.1199999999999974,-41.16,4.189999999999998,8.709999999999994,64.39000000000001
-0.7000000000000028,-0.21000000000000085,4.3100000000000165,-1.4900000000000002,5.75,-1.6599999999999966,7.409999999999997,-4.25,-6.6499999999999915,0.7599999999999909
1.1200000000000045,2.6199999999999974,-4.950000000000017,-2.2199999999999998,-8.960000000000008,-0.38000000000000256,39.58000000000001,-1.509999999999991,-2.3299999999999983,-67.4
-1.5799999999999983,2.789999999999999,8.909999999999997,24.72,14.660000000000025,0.25,-5.27000000000001,5.310000000000002,-5.300000000000011,3.630000000000024
7.150000000000006,1.1099999999999994,-6.3799999999999955,-5.469999999999999,5.47999999999999,1.1700000000000017,-29.519999999999996,-9.860000000000014,-1.2299999999999898,47.849999999999994
0.4199999999999875,-0.269999999999996,0.3100000000000023,-22.55,-7.0800000000000125,-0.7800000000000011,30.219999999999985,9.219999999999999,-2.730000000000004,-46.849999999999994
-1.4499999999999886,-1.3999999999999986,13.560000000000002,25.74,-4.539999999999992,0.45000000000000284,-27.389999999999986,0.46000000000000796,-0.9500000000000028,37.75
-0.4200000000000017,4.609999999999999,-5.030000000000001,-12.849999999999998,-8.310000000000002,-2.1400000000000006,3.4599999999999937,-0.3100000000000023,6.140000000000001,-13.900000000000006
-1.210000000000008,-3.8400000000000034,5.349999999999994,5.379999999999999,0.2300000000000182,2.9200000000000017,-13.030000000000001,-3.8799999999999955,-5.189999999999998,44.870000000000005
-5.799999999999997,0.03999999999999915,-7.489999999999981,-5.25,16.149999999999977,-3.4200000000000017,9.409999999999997,-0.8200000000000074,5.069999999999993,-20.439999999999998
1.8900000000000006,3.3599999999999994,4.649999999999977,13.79,-13.719999999999999,2.6999999999999957,2.3900000000000006,0.9900000000000091,-9.709999999999994,-9.100000000000023
3.200000000000003,-0.8999999999999986,1.6000000000000227,1.4499999999999993,7.530000000000001,-0.8799999999999955,30.129999999999995,-4.469999999999999,9.650000000000006,-38.69
0.25,3.5600000000000023,-2.8600000000000136,-25.88,6.3700000000000045,3.009999999999998,-14.119999999999976,3.75,-2.0200000000000102,17.80000000000001
-2.980000000000004,-3.6799999999999997,14.539999999999992,0.5700000000000003,-16.439999999999998,-0.19999999999999574,-12.490000000000009,0.269999999999996,-1.009999999999991,17.139999999999986
1.9399999999999977,-0.6600000000000037,-8.900000000000006,7.249999999999999,11.77000000000001,0.37999999999999545,-6.27000000000001,-3.6099999999999994,4.519999999999996,13.530000000000001
-0.7999999999999972,-0.3299999999999983,12.120000000000005,14.32,8.429999999999978,-3.719999999999999,4.8500000000000085,9.670000000000002,0.6599999999999966,-5.310000000000002
1.0999999999999943,-1.8800000000000026,7.75,-9.370000000000001,-15.889999999999986,-0.25,4.759999999999991,-6.900000000000006,-6.579999999999998,-17.909999999999997
-4.280000000000001,-2.519999999999996,-3.5999999999999943,6.640000000000001,7.840000000000003,1.3699999999999974,0.5400000000000063,-3.9299999999999926,4.409999999999997,1.2800000000000011
3.490000000000009,2.8800000000000026,2.460000000000008,5.560000000000002,0.6899999999999977,-1.7399999999999949,-3.319999999999993,-0.7700000000000102,4.980000000000004,11.320000000000022
-1.4399999999999977,-3.230000000000004,4.710000000000008,-11.850000000000001,-0.3900000000000148,3.269999999999996,16.22,3.1700000000000017,1.6299999999999955,-17.060000000000002
4.039999999999992,6.660000000000004,4.679999999999978,-6.9399999999999995,4.380000000000024,0.5700000000000003,-30.5,5.730000000000004,-7.589999999999989,33.629999999999995
-8.689999999999998,0.27999999999999403,-10.019999999999982,1.17,-18.410000000000025,-0.8900000000000006,-0.3400000000000034,-5.180000000000007,0.29999999999999716,9.139999999999986
9.189999999999998,-1.6599999999999966,3.8799999999999955,-7.220000000000001,19.49000000000001,-3.8999999999999986,-4.590000000000003,8.64,-2.3500000000000085,-9.409999999999997
-3.019999999999996,2.1400000000000006,3.3899999999999864,18.42,-12.569999999999993,-0.20000000000000284,25.72999999999999,-5.159999999999997,-2.6799999999999926,-35.75
-0.4200000000000017,-3.270000000000003,8.77000000000001,8.579999999999998,11.870000000000005,-0.8099999999999952,12.730000000000018,6.060000000000002,4.450000000000003,-23.22
0.15000000000000568,4.18,-6.890000000000015,-25.099999999999998,-4.740000000000009,4.170000000000002,-20.42,-6.280000000000001,-2.5700000000000074,50.69999999999999
-2.25,-3.979999999999997,19.150000000000006,26.180000000000003,-11.849999999999994,-0.9600000000000009,-23.400000000000006,3.1599999999999966,0.9699999999999989,13.01000000000002
9.030000000000001,2.229999999999997,-10.900000000000006,-25.190000000000005,18.579999999999984,-1.6000000000000014,44.269999999999996,-8.97999999999999,-0.20000000000000284,-62.58000000000001
1.4899999999999807,1.7899999999999991,5.440000000000026,1.629999999999999,-11.599999999999994,2.269999999999996,-36.08,5.009999999999991,2.3200000000000074,63.74000000000001
-12.939999999999984,-0.7899999999999991,14.45999999999998,19.480000000000004,-3.6399999999999864,-2.3499999999999943,24.730000000000004,-3.6099999999999994,-6.400000000000006,-57.59
9.809999999999988,-3.4199999999999946,-6.069999999999993,-13.59,-3.3700000000000045,-0.3400000000000034,-5.700000000000003,2.75,3.7700000000000102,13.340000000000003
-9.259999999999991,0.7899999999999991,9.060000000000002,-4.880000000000003,11.439999999999998,2.1099999999999994,-22.909999999999997,-4.789999999999992,-2.6300000000000097,47.829999999999984
4.319999999999993,2.059999999999995,1.1399999999999864,3.5700000000000003,7.050000000000011,-0.3399999999999963,42.58,-0.21000000000000796,1.9500000000000028,-61.329999999999984
2.710000000000008,5.039999999999999,-9.089999999999975,8.969999999999999,-7.360000000000014,-0.4100000000000037,-6.3799999999999955,6.230000000000004,-2.569999999999993,16.349999999999994
1.4399999999999977,-5.579999999999998,12.319999999999993,5.300000000000001,6.640000000000015,-0.17999999999999972,-7.090000000000003,-5.030000000000001,-3.5900000000000034,-11.539999999999992
-1.3700000000000045,0.3400000000000034,1.5600000000000023,-8.619999999999997,-14.5,1.0399999999999991,7.719999999999999,-0.6700000000000017,9.340000000000003,4.039999999999992
7.030000000000001,0.6499999999999986,-1.9800000000000182,6.149999999999999,-6.3300000000000125,-1.9600000000000009,-16.92,1.2900000000000063,-7.6200000000000045,20.5
0.18000000000000682,-2.6199999999999974,16.909999999999997,-4.43,10.330000000000013,0.6000000000000014,-14.950000000000003,7.329999999999984,0.9399999999999977,18.72
-6.030000000000001,-2.3300000000000054,-14.839999999999975,-0.3500000000000014,-9.880000000000024,-0.29999999999999716,42.360000000000014,-7.679999999999993,2.8900000000000006,-52.31999999999999
-11.320000000000007,5.390000000000001,15.869999999999976,3.0100000000000016,14.880000000000024,0.4399999999999977,-27.310000000000002,6.3500000000000085,2.1299999999999955,28.319999999999993
4.410000000000011,0.21000000000000085,13.030000000000001,-20.42,5.4599999999999795,-0.509999999999998,-21.03,0.39000000000000057,-0.9599999999999937,26.110000000000014
0.5999999999999943,-1.8900000000000006,-7.019999999999982,4.830000000000001,-8.969999999999999,2.280000000000001,40.50999999999999,8.969999999999985,-3.430000000000007,-40.140000000000015
8.52000000000001,1.0600000000000023,-1.3700000000000045,24.029999999999998,2.969999999999999,-0.8500000000000014,-4.52000000000001,-3.069999999999993,-1.4299999999999926,-8.419999999999987
-12.420000000000016,-5.289999999999999,12.75,-19.419999999999998,-13.939999999999998,3.539999999999999,-12.34999999999998,-13.200000000000003,11.230000000000004,32.19
11.110000000000014,4.559999999999995,-133.51,-1.58,15.240000000000009,-0.5600000000000023,1.5,-0.6400000000000006,-0.39000000000000057,-13.439999999999998
-6.990000000000009,-7.739999999999995,-4.829999999999998,1.7799999999999994,-13.319999999999993,1.1300000000000026,-18.88000000000001,-2.3699999999999903,3.339999999999989,44.26999999999998
3.6000000000000085,1.8799999999999955,8.930000000000007,7.469999999999999,2.9599999999999795,1.7999999999999972,-1.539999999999992,11.909999999999982,-5.159999999999997,-3.3100000000000023
-6.970000000000013,5.700000000000003,-9.25,-7.109999999999998,12.860000000000014,-3.9499999999999957,3.3299999999999983,-0.3499999999999943,-1.980000000000004,5.900000000000006
2.8300000000000125,-0.75,9.11,-8.030000000000001,-13.560000000000002,2.3599999999999994,25.980000000000004,-4.289999999999992,1.4300000000000068,-56.109999999999985
3.9299999999999926,3.219999999999999,0.5599999999999881,10.049999999999997,5.189999999999998,-1.9500000000000028,12.560000000000002,0.010000000000005116,-4.909999999999997,-14.319999999999993
-5.299999999999997,1.0799999999999983,-4.829999999999998,9.46,7.759999999999991,2.4299999999999997,-40.420000000000016,-2.6300000000000097,0.6999999999999886,49.16999999999999
7.409999999999997,-3.219999999999999,0.730000000000004,-20.66,-16.840000000000003,2.6000000000000014,-7.519999999999996,5.430000000000007,-2.6099999999999994,21.090000000000003
-3.319999999999993,-0.00999999999999801,10.439999999999998,17.240000000000002,7.280000000000001,0.11999999999999744,17.820000000000007,0.9099999999999966,-2.069999999999993,-25.53
-0.13000000000000966,3.539999999999999,-0.11999999999999034,-1.5899999999999999,6.430000000000007,-0.9699999999999989,-7.700000000000003,-7.6200000000000045,0.8799999999999955,8.919999999999987
4.390000000000001,-1.259999999999998,2.489999999999995,-8.81,0.11000000000001364,1.2000000000000028,-1.8100000000000023,5.52000000000001,4.400000000000006,12.490000000000009
-3.780000000000001,-2.3500000000000014,-0.9099999999999966,-4.4,-6.8300000000000125,-0.730000000000004,8.299999999999997,-8.91000000000001,3.6499999999999915,-33.03999999999999
-1.6699999999999875,-1.9600000000000009,-2.260000000000005,14.59,-3.4199999999999875,-0.44999999999999574,28.49000000000001,5.609999999999999,0.23000000000000398,-31.409999999999997
5.9199999999999875,2.710000000000001,1.4500000000000028,-13.52,9.909999999999997,4.670000000000002,-13.680000000000007,3.480000000000004,-2.5,11.469999999999999
-0.3599999999999852,-2.1300000000000026,-0.5900000000000034,25.74,1.3899999999999864,1.4499999999999957,-17.230000000000004,-3.730000000000004,3.5799999999999983,31.079999999999984
-7.970000000000013,-0.1699999999999946,9.800000000000011,-9.46,2.1899999999999977,-1.009999999999998,3.0,-2.009999999999991,1.1200000000000045,4.260000000000019
6.829999999999998,-1.0200000000000031,-1.1000000000000085,-17.43,-14.519999999999982,-0.28999999999999915,2.410000000000011,3.6499999999999915,-2.4399999999999977,-28.82000000000002
0.14000000000000057,2.4100000000000037,-5.760000000000005,4.529999999999999,18.609999999999985,0.030000000000001137,21.139999999999986,7.750000000000014,-2.6200000000000045,-24.840000000000003
-6.809999999999988,1.9199999999999946,11.680000000000007,20.240000000000002,-9.789999999999992,-0.030000000000001137,-18.539999999999992,-9.510000000000005,-4.099999999999994,50.130000000000024
-2.5400000000000063,-3.3299999999999983,3.5999999999999943,-2.200000000000003,-1.5,2.1000000000000014,-1.4399999999999977,0.14000000000000057,2.3400000000000034,-25.24000000000001
12.14,-2.030000000000001,-9.109999999999985,3.1700000000000017,7.110000000000014,-2.280000000000001,-3.510000000000005,6.4199999999999875,9.919999999999987,24.94999999999999
-13.269999999999996,-1.4499999999999957,10.889999999999986,-29.490000000000002,-7.280000000000001,1.3399999999999963,23.220000000000013,-0.4399999999999977,-1.1899999999999977,-37.56
5.559999999999988,-1.1700000000000017,1.5300000000000011,19.29,8.899999999999977,3.469999999999999,-28.260000000000005,-8.47999999999999,-0.6099999999999994,44.80000000000001
-0.769999999999996,4.729999999999997,6.1299999999999955,-13.150000000000002,-4.039999999999992,-0.01999999999999602,6.559999999999988,4.429999999999993,-2.519999999999996,-7.590000000000003
3.710000000000008,-5.159999999999997,-10.019999999999982,22.21,-14.139999999999986,-3.8299999999999983,35.849999999999994,-4.819999999999993,2.1500000000000057,-49.75
-1.9300000000000068,-0.9699999999999989,6.549999999999983,-25.88,6.4599999999999795,2.789999999999999,-24.639999999999986,7.819999999999993,2.1299999999999955,31.099999999999994
0.5499999999999972,1.1299999999999955,7.900000000000006,-4.76,-3.4799999999999898,4.839999999999996,-9.700000000000003,-8.709999999999994,6.319999999999993,7.8799999999999955
6.390000000000015,-1.019999999999996,-7.5,4.140000000000001,14.129999999999995,-6.149999999999999,-0.8999999999999915,0.01999999999999602,-5.259999999999991,8.050000000000011
0.7199999999999989,1.7299999999999969,8.560000000000002,0.96,2.3700000000000045,3.969999999999999,22.019999999999982,5.3700000000000045,5.909999999999997,-30.5
-8.800000000000011,-3.3900000000000006,2.490000000000009,0.6900000000000004,-9.580000000000013,-2.780000000000001,6.640000000000015,-0.7000000000000028,-1.4500000000000028,-21.72999999999999
6.449999999999989,4.710000000000001,-3.960000000000008,6.889999999999999,-3.6599999999999966,4.330000000000005,-3.3100000000000023,-0.5900000000000034,-11.170000000000002,14.70999999999998
-5.859999999999985,-1.7299999999999969,2.299999999999983,-3.0699999999999985,12.870000000000005,0.14999999999999858,-0.6200000000000045,3.219999999999999,7.3500000000000085,-1.1799999999999784
1.0600000000000023,-1.3100000000000023,10.340000000000003,12.01,-6.8700000000000045,1.6099999999999994,-23.349999999999994,3.6299999999999955,-1.240000000000009,27.97
0.7099999999999937,-1.7899999999999991,-6.679999999999978,-3.7600000000000016,5.0800000000000125,-3.740000000000002,6.560000000000002,-0.2699999999999818,-0.7399999999999949,7.269999999999982
-0.4200000000000017,3.269999999999996,7.659999999999997,-2.379999999999999,-5.659999999999997,-0.0799999999999983,-23.36,-9.870000000000005,2.1200000000000045,14.830000000000013
6.8700000000000045,2.0600000000000023,-1.0900000000000034,-7.550000000000001,-3.780000000000001,-0.1700000000000017,35.40999999999998,-0.1600000000000108,-2.1700000000000017,-36.610000000000014
-5.189999999999998,2.230000000000004,7.549999999999983,6.440000000000001,4.5,-0.46000000000000085,-10.829999999999984,10.489999999999995,-7.030000000000001,13.880000000000024
-4.969999999999999,-4.220000000000006,8.29000000000002,6.140000000000001,0.6899999999999977,3.9100000000000037,-8.939999999999998,-7.349999999999994,6.280000000000001,-0.9000000000000057
-0.5200000000000102,4.8700000000000045,-1.9699999999999989,-16.93,6.389999999999986,-3.5799999999999983,1.4499999999999886,0.9300000000000068,-1.9500000000000028,-0.46000000000000796
9.069999999999993,0.9799999999999969,-2.3400000000000034,18.15,-4.659999999999997,5.109999999999999,2.5700000000000074,-1.3700000000000045,-6.079999999999998,-7.27000000000001
-12.309999999999988,0.14000000000000057,-0.030000000000001137,-13.68,-0.060000000000002274,-3.530000000000001,11.969999999999985,1.210000000000008,3.0799999999999983,1.3500000000000227
9.180000000000007,-5.640000000000001,2.2399999999999807,-5.74,5.740000000000009,-0.9699999999999989,-11.129999999999981,1.6099999999999994,-1.1400000000000006,3.9099999999999966
-4.810000000000002,-2.6499999999999986,-2.3899999999999864,26.28,-12.009999999999991,-1.1900000000000048,13.159999999999982,1.0300000000000011,7.689999999999998,-29.879999999999995
-0.7000000000000028,0.6400000000000006,4.719999999999999,-4.620000000000001,-7.810000000000002,5.940000000000005,-36.83999999999999,-0.8700000000000045,5.510000000000005,82.11999999999998
-0.9399999999999977,-3.1099999999999994,17.24000000000001,6.940000000000005,3.509999999999991,-5.900000000000006,18.36,0.0,0.20000000000000284,-41.03
0.7599999999999909,4.109999999999999,-6.909999999999997,-29.680000000000003,-4.1299999999999955,2.690000000000005,-5.459999999999994,-6.340000000000003,-1.3800000000000097,9.200000000000017
3.690000000000012,-3.530000000000001,11.899999999999977,7.24,10.180000000000007,-0.38000000000000256,5.72999999999999,3.799999999999997,-2.019999999999996,-6.719999999999999
0.9099999999999966,2.3699999999999974,-7.099999999999994,17.259999999999998,-0.1599999999999966,-1.6400000000000006,-8.099999999999994,5.0800000000000125,2.969999999999999,23.419999999999987
-0.46000000000000796,-1.7199999999999989,3.039999999999992,-16.9,-1.710000000000008,3.5600000000000023,7.920000000000002,-6.950000000000003,-3.530000000000001,-13.379999999999995
3.0400000000000063,1.0800000000000054,-1.1799999999999784,22.560000000000002,-1.990000000000009,-1.9399999999999977,26.25999999999999,0.9599999999999937,0.9300000000000068,-39.30000000000001
-3.2900000000000063,-0.8700000000000045,1.539999999999992,-20.71,-7.180000000000007,0.27999999999999403,-37.499999999999986,2.6400000000000006,-4.1200000000000045,43.74000000000001
-5.259999999999991,-0.46999999999999886,15.0,-0.5,16.230000000000018,-0.7999999999999972,-6.530000000000001,-4.569999999999993,8.819999999999993,2.75
2.049999999999997,-0.5499999999999972,7.109999999999985,-7.559999999999999,2.3100000000000023,1.509999999999998,41.709999999999994,4.97999999999999,-1.4799999999999898,-52.18000000000001
6.569999999999993,5.390000000000001,6.130000000000024,12.46,2.280000000000001,0.060000000000002274,-8.300000000000011,0.3299999999999983,-5.6200000000000045,-0.6799999999999784
-1.7999999999999972,-3.8000000000000043,-7.380000000000024,-7.710000000000001,-15.27000000000001,0.13000000000000256,-14.61999999999999,-2.6699999999999875,4.030000000000001,28.689999999999998
-5.420000000000002,2.1199999999999974,-0.06999999999999318,14.95,-2.3300000000000125,-2.25,-10.989999999999995,4.019999999999996,-11.120000000000005,26.129999999999995
4.730000000000004,0.4000000000000057,-0.5699999999999932,-21.64,16.26000000000002,0.509999999999998,8.189999999999998,0.03999999999999204,7.540000000000006,-19.730000000000018
-5.6200000000000045,2.6899999999999977,17.590000000000003,17.43,-6.920000000000016,1.8900000000000006,3.469999999999999,-9.239999999999995,-9.700000000000003,-15.5
-0.1799999999999926,1.7999999999999972,-6.02000000000001,-2.8900000000000006,-0.6500000000000057,-2.520000000000003,22.52000000000001,6.960000000000008,-1.6599999999999966,-35.109999999999985
11.060000000000002,0.12000000000000455,9.980000000000018,-5.419999999999998,-8.659999999999997,-1.1799999999999997,-21.170000000000016,-4.440000000000012,5.170000000000002,40.97999999999999
-6.820000000000007,0.6999999999999957,-4.969999999999999,11.879999999999999,1.4300000000000068,2.1000000000000014,15.180000000000007,1.8000000000000114,-6.02000000000001,-34.16999999999999
-4.310000000000002,2.1300000000000026,15.949999999999989,-17.869999999999997,16.379999999999995,-1.5900000000000034,1.8300000000000125,4.689999999999998,-1.3499999999999943,-1.1800000000000068
6.02000000000001,0.46000000000000085,-7.930000000000007,-0.7800000000000002,-18.889999999999986,5.500000000000007,-7.719999999999999,-5.340000000000003,3.769999999999996,28.74000000000001
-3.4200000000000017,0.6999999999999957,0.3499999999999943,14.14,0.04999999999998295,-0.46999999999999886,1.1799999999999784,-3.6400000000000006,-8.179999999999993,-11.909999999999997
6.409999999999997,-3.759999999999998,-3.469999999999999,-8.020000000000001,1.3100000000000023,0.6400000000000006,13.110000000000014,12.550000000000011,4.530000000000001,-21.99000000000001
-8.579999999999998,4.710000000000001,13.159999999999997,-3.2699999999999996,15.5,-6.010000000000005,-44.07000000000001,-5.220000000000013,-1.6500000000000057,83.41999999999999
7.530000000000001,-3.6199999999999974,20.420000000000016,16.11,-3.1799999999999784,5.609999999999999,36.38000000000001,-3.1499999999999915,2.4099999999999966,-58.53
-5.340000000000003,2.219999999999999,-10.720000000000027,-6.530000000000001,-3.0500000000000114,0.030000000000001137,9.159999999999997,10.5,-1.0999999999999943,-10.48999999999998
-3.230000000000004,-6.980000000000004,-4.199999999999989,4.77,-10.699999999999989,-5.109999999999999,-41.230000000000004,-1.9699999999999989,3.1200000000000045,42.31999999999999
4.150000000000006,0.47000000000000597,25.620000000000005,12.05,8.859999999999985,3.799999999999997,19.61,-4.060000000000002,5.469999999999999,-6.210000000000008
-0.10999999999999943,2.0899999999999963,-18.71999999999997,-7.710000000000001,-3.280000000000001,1.5900000000000034,-0.5699999999999932,3.4099999999999966,-4.719999999999999,-1.549999999999983
1.230000000000004,-0.5700000000000003,7.279999999999973,-23.29,2.200000000000017,-4.440000000000005,-4.6200000000000045,4.039999999999992,5.390000000000001,-8.629999999999995
-2.6099999999999994,-3.6400000000000006,9.009999999999991,24.36,-0.46000000000000796,0.7100000000000009,32.52000000000001,-1.8400000000000034,0.8799999999999955,-39.75
5.069999999999993,2.460000000000001,6.78000000000003,-8.32,2.5600000000000023,-1.9099999999999966,-43.95000000000002,-12.529999999999987,-0.46000000000000796,73.32
-7.6299999999999955,2.490000000000002,-14.270000000000039,2.030000000000001,-10.560000000000002,5.679999999999993,2.3200000000000074,-0.980000000000004,-0.8699999999999903,2.109999999999985
4.519999999999996,1.240000000000002,7.420000000000016,2.9800000000000004,5.6299999999999955,-5.6399999999999935,28.429999999999993,10.530000000000001,-4.109999999999999,-48.51999999999998
-2.5,-3.280000000000001,22.49000000000001,7.639999999999997,2.7700000000000102,2.979999999999997,-17.569999999999993,-6.430000000000007,3.3900000000000006,23.22
6.469999999999999,0.7100000000000009,-9.050000000000011,-26.839999999999996,4.079999999999984,-1.759999999999998,25.159999999999997,3.8599999999999994,0.6599999999999966,-42.610000000000014
-0.23999999999999488,-2.1000000000000014,2.759999999999991,11.180000000000001,-7.180000000000007,0.990000000000002,-24.269999999999996,-2.1499999999999915,-0.46000000000000796,17.539999999999992
0.5599999999999881,-2.469999999999999,19.960000000000036,-4.340000000000002,10.340000000000003,-2.0900000000000034,0.7099999999999937,2.2099999999999937,0.6500000000000057,23.460000000000008
-9.219999999999985,4.669999999999995,-0.17000000000001592,-8.15,0.0,1.4299999999999997,-3.1199999999999903,-3.009999999999991,-2.0799999999999983,7.530000000000001
2.519999999999996,0.12000000000000455,11.050000000000011,21.32,-17.50999999999999,-1.3500000000000014,-9.590000000000003,5.059999999999988,-0.7000000000000028,-4.079999999999984
-2.3400000000000034,3.8699999999999974,12.509999999999991,6.489999999999998,10.590000000000003,2.3300000000000054,43.469999999999985,-0.4299999999999926,-2.950000000000003,-46.110000000000014
8.349999999999994,2.460000000000001,1.3199999999999932,-11.629999999999999,-4.110000000000014,-0.10000000000000142,-12.079999999999984,-7.109999999999999,-5.989999999999995,10.560000000000002
-3.469999999999999,-4.450000000000003,4.800000000000011,-4.899999999999999,11.469999999999999,0.5899999999999963,-30.200000000000003,-1.3900000000000006,6.5,40.5
-4.86999999999999,4.109999999999999,-10.670000000000016,8.779999999999998,-18.03,-0.17999999999999972,-8.900000000000006,4.829999999999998,-1.8199999999999932,1.6999999999999886
3.1599999999999966,-6.069999999999993,24.840000000000032,-20.49,14.630000000000024,-0.5899999999999963,20.11,-2.6299999999999955,3.089999999999989,-28.060000000000002
-1.4399999999999977,2.719999999999999,-1.1100000000000136,22.67,6.309999999999974,-1.9699999999999989,4.8700000000000045,7.590000000000003,-4.099999999999994,-10.23999999999998
-1.710000000000008,2.3999999999999986,17.75999999999999,-5.0,-10.639999999999986,5.520000000000003,15.560000000000002,-3.160000000000011,3.069999999999993,-4.849999999999994
5.650000000000006,-1.3100000000000023,-18.149999999999977,6.369999999999997,-9.120000000000005,-3.180000000000007,-22.39,3.8900000000000006,-0.44999999999998863,24.409999999999997
-4.510000000000005,3.8400000000000034,34.849999999999966,-16.15,164.94,1.9600000000000009,23.570000000000007,-5.719999999999999,-3.5800000000000125,-17.30000000000001
-1.4200000000000017,-0.9299999999999997,-7.96999999999997,18.75,-24.329999999999984,0.28999999999999915,-36.05000000000001,4.530000000000001,3.230000000000004,42.31
10.030000000000015,0.7199999999999989,-280.43,-25.810000000000002,5.019999999999982,-1.9699999999999989,3.990000000000009,-6.489999999999995,-4.3799999999999955,-11.789999999999992
-3.260000000000005,2.5,-1.539999999999992,2.6100000000000003,-3.6499999999999773,-0.8800000000000026,13.329999999999998,3.4799999999999898,-1.4399999999999977,-20.110000000000014
0.20999999999999375,-4.8700000000000045,-2.260000000000005,14.369999999999997,17.819999999999993,1.0100000000000051,-20.820000000000007,6.769999999999996,-1.730000000000004,56.33000000000001
-3.969999999999999,2.6000000000000014,7.579999999999998,-2.75,-10.519999999999982,-1.4600000000000009,36.02000000000001,-4.829999999999984,-5.070000000000007,-71.68
-0.3299999999999983,-3.5700000000000003,4.960000000000008,2.1300000000000026,-9.140000000000043,3.009999999999998,-25.66000000000001,0.9899999999999807,6.140000000000001,43.129999999999995
10.279999999999987,5.3799999999999955,-4.440000000000012,6.93,0.8000000000000114,-4.490000000000002,18.489999999999995,0.10000000000002274,-1.9799999999999898,-26.079999999999984
-3.6299999999999955,-6.239999999999995,-1.5300000000000011,-24.01,3.5400000000000205,1.8300000000000054,-10.759999999999991,-3.680000000000007,6.8799999999999955,13.119999999999976
-7.72999999999999,1.4200000000000017,-4.72999999999999,26.84,2.9599999999999795,0.21999999999999886,-19.72,-5.740000000000009,0.5400000000000063,44.93000000000001
3.450000000000003,-1.3200000000000003,-3.8500000000000085,-21.22,-1.0299999999999727,-1.1600000000000037,51.30000000000001,3.490000000000009,-5.300000000000011,-92.28999999999999
5.719999999999985,0.35999999999999943,7.829999999999998,-7.300000000000001,3.769999999999982,2.1799999999999997,-41.80000000000001,-2.0,-1.9299999999999926,58.639999999999986
-3.539999999999992,-1.25,-3.4599999999999937,12.51,13.800000000000011,0.6099999999999994,4.590000000000003,7.030000000000001,3.1499999999999915,-17.189999999999998
2.5999999999999943,1.8100000000000023,8.299999999999997,-9.829999999999998,3.3700000000000045,-0.4799999999999969,30.710000000000008,1.0600000000000023,3.780000000000001,-28.17999999999998
-9.959999999999994,0.75,0.6300000000000097,3.4099999999999993,-24.83000000000004,-0.0799999999999983,-12.490000000000009,-5.060000000000002,-2.809999999999988,6.519999999999982
1.5700000000000074,-1.980000000000004,6.409999999999997,0.6400000000000006,-6.789999999999964,-2.510000000000005,-6.3799999999999955,5.909999999999997,5.839999999999989,6.069999999999993
-1.6600000000000108,-1.769999999999996,-3.019999999999996,-3.2800000000000002,7.509999999999991,1.980000000000004,-5.910000000000011,-2.5799999999999983,-3.489999999999995,4.77000000000001
0.1700000000000017,6.990000000000002,-2.0800000000000125,25.240000000000002,12.949999999999989,1.3100000000000023,-4.560000000000002,-0.7900000000000063,-4.769999999999996,28.02000000000001
0.3200000000000074,-5.380000000000003,9.61,-4.550000000000001,-9.120000000000005,-1.5200000000000031,11.970000000000013,0.8299999999999983,2.4499999999999886,-28.819999999999993
3.219999999999999,1.1000000000000014,-2.8900000000000006,-15.97,0.25,-2.969999999999999,16.549999999999983,-1.0999999999999943,-1.6899999999999977,-13.51000000000002
-2.490000000000009,1.5599999999999952,8.129999999999995,-4.18,-11.0,1.6499999999999986,-21.47999999999999,-4.780000000000001,5.560000000000002,16.849999999999994
4.8300000000000125,-2.559999999999995,5.469999999999999,9.35,13.54000000000002,-1.4099999999999966,6.340000000000003,3.930000000000007,-0.8700000000000045,-10.48999999999998
-1.9100000000000108,-2.0600000000000023,-2.1599999999999966,17.529999999999998,-16.400000000000034,2.5799999999999983,-10.790000000000006,3.3299999999999983,-4.22999999999999,13.20999999999998
-1.2099999999999937,6.530000000000001,3.0800000000000125,-29.279999999999998,16.960000000000036,-0.10000000000000142,-14.079999999999998,-5.52000000000001,-0.38000000000000966,35.650000000000006
-4.070000000000007,0.759999999999998,1.4099999999999966,23.44,8.920000000000016,1.0200000000000031,34.09,-5.309999999999988,-4.759999999999991,-67.81
1.8599999999999994,-4.149999999999999,-3.0,-0.15000000000000213,-11.79000000000002,0.5399999999999991,-15.990000000000009,6.959999999999994,5.359999999999999,26.950000000000017
12.010000000000005,0.8100000000000023,3.819999999999993,-7.43,4.089999999999975,-3.6700000000000017,15.050000000000011,4.800000000000011,0.060000000000002274,-20.49000000000001
-2.430000000000007,2.299999999999997,5.760000000000019,-2.3699999999999974,0.8400000000000318,0.7899999999999991,12.299999999999983,-9.950000000000017,3.1299999999999955,-11.620000000000005
-5.72999999999999,-6.609999999999999,-7.900000000000006,-0.11000000000000298,-17.210000000000036,-0.28999999999999915,-32.40999999999998,0.5400000000000063,4.760000000000005,43.170000000000016
4.900000000000006,3.729999999999997,10.419999999999987,2.900000000000002,3.5400000000000205,-0.09000000000000341,-20.39,0.20000000000000284,-3.3000000000000114,26.829999999999984
2.6399999999999864,-1.1299999999999955,0.15000000000000568,-14.93,27.329999999999984,2.8300000000000054,23.659999999999997,3.289999999999992,-5.709999999999994,-41.47999999999999
-12.459999999999994,1.6099999999999994,-0.789999999999992,28.289999999999996,-1.079999999999984,-0.23000000000000398,16.829999999999984,-1.3900000000000006,4.310000000000002,-21.569999999999993
0.12999999999999545,1.8399999999999963,-0.700000000000017,-26.859999999999996,-7.0400000000000205,-2.6899999999999977,4.570000000000022,3.0200000000000102,-6.359999999999999,15.109999999999985
8.689999999999998,2.5400000000000063,9.420000000000016,4.95,-20.639999999999986,3.549999999999997,-34.24000000000001,1.4899999999999949,-1.210000000000008,23.77000000000001
-4.3799999999999955,-1.1600000000000037,0.18999999999999773,-8.85,27.829999999999984,-1.009999999999998,35.21000000000001,-1.4599999999999937,-0.14999999999999147,-35.78
3.9399999999999977,-0.3500000000000014,11.150000000000006,33.25,-9.869999999999948,-1.259999999999998,-12.159999999999997,5.6899999999999835,-0.35999999999999943,16.22
-4.310000000000002,2.25,-10.050000000000011,-19.869999999999997,6.92999999999995,-1.7100000000000009,-22.870000000000005,-9.409999999999982,-1.0700000000000074,16.609999999999985
0.09000000000000341,1.6800000000000068,3.3799999999999955,-1.17,-17.42999999999995,4.420000000000002,-4.27000000000001,-0.730000000000004,-4.75,43.66
1.3900000000000006,1.1599999999999966,3.450000000000017,-11.32,1.1499999999999773,-0.05000000000000426,15.38000000000001,2.8700000000000045,5.3500000000000085,-36.639999999999986
0.1599999999999966,-6.859999999999999,1.9899999999999807,17.66,3.730000000000018,-0.7100000000000009,25.269999999999996,4.279999999999987,-2.3800000000000097,-34.56999999999999
-2.009999999999991,4.359999999999999,-1.5600000000000023,4.990000000000002,-10.010000000000048,1.9499999999999957,-16.50999999999999,-1.2199999999999989,-1.6599999999999966,22.849999999999994
-2.3800000000000097,1.539999999999992,-0.030000000000001137,-5.940000000000001,-4.769999999999982,-2.819999999999993,-32.99000000000001,-3.9299999999999926,9.120000000000005,34.650000000000006
8.720000000000013,0.30000000000001137,1.4300000000000068,-8.0,25.069999999999993,1.5799999999999983,37.28999999999999,0.45000000000000284,-4.8500000000000085,-65.25
-8.38000000000001,-3.6000000000000085,10.700000000000017,7.050000000000001,-25.19999999999999,0.5799999999999983,-6.719999999999999,2.9299999999999926,-2.799999999999997,32.48999999999998
0.45000000000000284,4.359999999999999,2.0,-9.72,16.620000000000005,0.5400000000000063,16.629999999999995,2.960000000000008,-2.289999999999992,-28.039999999999992
3.430000000000007,-0.46999999999999886,3.769999999999982,11.950000000000001,-1.990000000000009,0.0799999999999983,-9.25,1.9799999999999898,0.6599999999999966,10.420000000000016
3.6199999999999903,1.5600000000000023,3.170000000000016,4.43,-14.849999999999966,-3.6499999999999986,10.560000000000002,-0.06999999999999318,1.9699999999999989,-7.0800000000000125
-2.1599999999999966,-1.6299999999999955,0.12999999999999545,-20.87,2.569999999999993,2.039999999999999,-17.829999999999984,-11.409999999999997,1.3299999999999983,6.210000000000008
-1.2399999999999949,6.8799999999999955,-4.840000000000003,21.36,3.9899999999999523,-3.3299999999999983,-22.950000000000003,5.6499999999999915,-8.340000000000003,40.95999999999998
2.6199999999999903,-1.3799999999999955,1.6399999999999864,-9.989999999999998,23.75,4.579999999999998,15.649999999999991,-5.859999999999999,1.3900000000000006,-11.419999999999987
-2.8799999999999955,3.1799999999999926,12.130000000000024,3.789999999999999,-33.44999999999999,-3.520000000000003,2.3200000000000074,7.6299999999999955,0.710000000000008,-15.120000000000005
-5.939999999999998,-7.329999999999998,-5.400000000000006,-4.390000000000001,31.879999999999995,-1.5599999999999952,26.58,-9.099999999999994,-1.8599999999999994,-27.72999999999999
7.840000000000003,2.8400000000000034,5.349999999999994,-3.5,-12.25,0.6399999999999935,-39.230000000000004,4.200000000000003,3.3799999999999955,55.609999999999985
-7.27000000000001,2.259999999999991,9.199999999999989,-1.83,3.670000000000016,1.8800000000000026,30.33999999999999,6.260000000000005,0.18999999999999773,-48.03
2.0900000000000034,1.0800000000000125,-7.530000000000001,15.730000000000002,8.269999999999982,-3.799999999999997,-2.619999999999976,-4.190000000000012,-5.25,14.700000000000017
2.4099999999999966,-0.710000000000008,17.01000000000002,-2.9800000000000004,-3.069999999999993,2.8799999999999955,-21.210000000000008,2.75,-1.7000000000000028,27.25
-1.3900000000000006,1.6500000000000057,2.469999999999999,4.419999999999998,3.980000000000018,-0.5399999999999991,37.579999999999984,-4.809999999999988,4.010000000000005,-45.25
6.77000000000001,-3.1300000000000097,-9.0,-22.33,-6.610000000000014,1.990000000000002,-32.44999999999999,-2.510000000000005,-3.2099999999999937,30.060000000000002
-0.4300000000000068,2.3200000000000074,19.98999999999998,17.029999999999998,-6.289999999999964,-0.9600000000000009,24.330000000000013,1.5,2.8799999999999955,-27.870000000000005
-4.6299999999999955,3.819999999999993,-11.549999999999983,-1.509999999999998,-8.439999999999998,-2.219999999999999,-10.910000000000025,-3.0,-2.960000000000008,13.509999999999991
7.539999999999992,-3.6899999999999977,19.579999999999984,7.239999999999998,-4.890000000000043,2.509999999999998,-3.839999999999975,10.189999999999998,0.30000000000001137,-10.849999999999994
-4.719999999999999,-3.0,-8.679999999999978,-22.41,-0.839999999999975,2.469999999999999,9.539999999999992,3.809999999999988,4.140000000000001,-6.939999999999998
-4.780000000000001,-0.789999999999992,17.649999999999977,6.500000000000001,20.889999999999986,1.0400000000000063,-30.710000000000008,-8.499999999999986,-0.5500000000000114,40.30000000000001
-3.6499999999999915,6.890000000000001,-142.48,8.049999999999999,-15.279999999999973,-1.720000000000006,16.700000000000003,-1.6099999999999994,0.9300000000000068,-21.74000000000001
3.1799999999999926,-3.510000000000005,5.430000000000007,-1.0599999999999987,24.67999999999995,-4.269999999999996,11.600000000000009,-0.4099999999999966,-1.3500000000000085,-5.920000000000016
-2.4200000000000017,0.5999999999999943,4.72999999999999,-10.5,-23.299999999999955,3.289999999999999,-10.530000000000001,5.75,-2.339999999999989,-3.6899999999999977
7.950000000000003,5.690000000000012,-0.28999999999999204,10.579999999999998,18.189999999999998,-0.46999999999999886,-23.03,-6.109999999999999,-0.7600000000000051,62.25
-6.640000000000001,-4.13000000000001,4.659999999999997,-11.239999999999998,-15.310000000000002,3.009999999999991,30.879999999999995,-1.1099999999999994,-1.3999999999999986,-61.20999999999998
10.480000000000004,1.6000000000000085,-4.269999999999996,12.279999999999998,-3.4399999999999977,-2.539999999999992,-3.030000000000001,6.519999999999996,-0.75,-0.950000000000017
0.21000000000000796,1.2099999999999937,6.280000000000001,-8.229999999999999,22.75,2.299999999999997,-0.9199999999999875,2.910000000000011,0.4099999999999966,-7.719999999999999
-3.0700000000000074,-6.219999999999999,-3.450000000000003,20.75,-10.210000000000036,-0.4200000000000017,-13.230000000000018,-1.8300000000000125,2.20000000000001,31.090000000000003
-6.680000000000007,4.159999999999997,0.8499999999999943,-19.880000000000003,-23.94999999999999,-1.0599999999999952,31.580000000000013,0.5100000000000051,-1.9400000000000048,-36.900000000000006
3.8599999999999994,0.9399999999999977,3.5600000000000023,3.4099999999999984,5.730000000000018,-2.0799999999999983,-40.650000000000006,4.019999999999996,0.4199999999999946,60.83000000000001
5.310000000000002,-0.37999999999999545,-6.590000000000003,13.420000000000002,28.860000000000014,2.2099999999999937,-1.3499999999999943,-6.010000000000005,-2.059999999999995,-11.900000000000006
0.5999999999999943,1.1899999999999977,0.7000000000000028,-20.060000000000002,-2.7900000000000205,-1.3799999999999955,13.179999999999993,-0.9299999999999926,-3.3200000000000003,-10.960000000000008
-3.9199999999999875,-3.8999999999999915,5.090000000000003,-7.03,-21.50999999999999,-2.3800000000000026,21.019999999999996,-0.5,4.219999999999999,-34.95999999999998
5.909999999999997,4.36999999999999,1.7600000000000051,19.36,13.599999999999966,3.8800000000000026,-0.4099999999999966,-0.5500000000000114,-3.3400000000000034,-8.219999999999999
-3.4799999999999898,-3.1400000000000006,9.509999999999991,-14.23,-3.7999999999999545,-3.6200000000000045,0.4300000000000068,2.5900000000000034,6.030000000000001,10.089999999999975
-2.420000000000016,0.8200000000000074,-2.6799999999999926,19.56,-8.57000000000005,4.18,-25.370000000000005,-1.6199999999999903,-1.7399999999999949,32.860000000000014
-0.5699999999999932,-1.8599999999999994,-1.9200000000000017,-2.8599999999999994,0.4200000000000159,-0.259999999999998,15.02000000000001,-1.4500000000000028,1.539999999999992,-10.150000000000006
1.25,-0.8200000000000074,6.759999999999991,-5.779999999999998,22.0,-5.079999999999998,-12.580000000000013,5.449999999999989,-2.069999999999993,3.8400000000000034
-8.540000000000006,2.5400000000000063,-4.019999999999996,15.319999999999997,0.7400000000000091,-0.11999999999999744,24.080000000000013,-8.47999999999999,-0.0799999999999983,-22.710000000000008
9.679999999999993,2.9200000000000017,-0.0799999999999983,-31.04,-34.879999999999995,2.9399999999999977,1.8699999999999761,1.6299999999999955,3.2099999999999937,-2.7099999999999795
-4.609999999999985,-3.1400000000000006,8.129999999999995,3.63,23.019999999999982,-1.6199999999999974,-19.659999999999982,-4.700000000000003,-1.0699999999999932,12.659999999999997
4.090000000000003,-2.9200000000000017,-1.6500000000000057,8.98,-3.329999999999984,4.309999999999995,16.11,2.469999999999999,0.769999999999996,-10.550000000000011
-5.060000000000002,0.4299999999999926,8.350000000000023,-2.09,-11.050000000000011,-5.589999999999996,-26.560000000000002,3.25,-1.7999999999999972,38.09
3.239999999999995,0.6300000000000097,3.049999999999983,6.58,-10.329999999999984,3.6499999999999986,-6.0,2.0800000000000125,0.6799999999999926,29.53
0.21999999999999886,-1.6599999999999966,-3.859999999999985,-8.23,9.629999999999995,-1.9399999999999977,19.99000000000001,-0.19000000000001194,0.8400000000000034,-46.94
-5.450000000000003,5.11999999999999,-0.18999999999999773,14.34,3.8000000000000114,-0.060000000000002274,-5.3100000000000165,1.1300000000000097,-2.969999999999999,5.359999999999985
5.5800000000000125,-6.590000000000003,3.1999999999999886,-18.61,7.579999999999984,3.6599999999999966,26.840000000000018,-2.950000000000003,7.75,-37.00999999999999
6.4199999999999875,1.3000000000000114,1.5500000000000114,14.469999999999999,-0.2400000000000091,0.6200000000000045,-16.400000000000006,-3.9200000000000017,-6.530000000000001,16.02000000000001
-12.0,6.109999999999999,6.569999999999993,-10.41,13.840000000000032,-5.0,6.909999999999997,5.209999999999994,-2.280000000000001,3.1699999999999875
-0.009999999999990905,-2.960000000000008,-5.360000000000014,-3.7299999999999995,-10.410000000000025,-0.6600000000000037,2.4199999999999875,-1.0799999999999983,4.890000000000001,-16.060000000000002
6.829999999999998,-3.9200000000000017,7.850000000000023,-3.3899999999999997,-8.930000000000007,5.149999999999999,-4.449999999999989,3.969999999999999,-0.7399999999999949,-2.719999999999999
0.09000000000000341,4.63000000000001,-4.300000000000011,16.18,7.110000000000014,-0.9399999999999977,-8.919999999999987,3.0400000000000063,0.14999999999999147,14.420000000000016
-4.38000000000001,-6.079999999999998,14.310000000000002,-14.880000000000003,-2.8000000000000114,0.509999999999998,-14.820000000000007,-9.219999999999999,2.230000000000004,35.16999999999999
5.740000000000009,4.390000000000001,0.2599999999999909,-0.5700000000000003,16.220000000000027,-2.539999999999999,25.36,8.060000000000002,-4.289999999999992,-37.109999999999985
-6.560000000000002,-2.3800000000000097,-11.299999999999983,24.77,-1.5500000000000114,2.3700000000000045,-24.30000000000001,-3.8599999999999994,0.12999999999999545,40.50999999999999
-1.6500000000000057,2.299999999999997,15.589999999999975,2.3599999999999994,-0.5400000000000205,-0.9299999999999997,7.02000000000001,-1.3800000000000097,7.299999999999997,-23.05000000000001
5.079999999999998,-3.75,2.969999999999999,-0.389999999999997,-26.319999999999993,1.990000000000002,-3.6400000000000006,2.719999999999999,-0.5699999999999932,-1.4199999999999875
1.25,-0.28999999999999204,-13.049999999999983,-24.65,-4.529999999999973,-1.1300000000000026,25.64999999999999,2.890000000000015,0.0799999999999983,-16.980000000000018
2.5600000000000165,-1.7800000000000011,16.569999999999993,23.549999999999997,27.289999999999964,1.3099999999999952,-12.629999999999995,-3.3400000000000034,1.6700000000000017,7.130000000000024
-4.780000000000015,-0.23999999999999488,-1.490000000000009,-19.0,-2.519999999999982,-2.469999999999999,-6.890000000000001,-2.480000000000004,-6.3300000000000125,19.98999999999998
-3.049999999999997,7.439999999999998,6.130000000000024,17.41,-26.889999999999986,0.44000000000000483,-23.39,2.3299999999999983,-1.6499999999999915,35.73000000000002
3.6200000000000045,-5.530000000000001,9.530000000000001,-19.95,7.189999999999998,-3.5,34.349999999999994,4.3799999999999955,7.480000000000004,-62.69
-1.8700000000000045,2.8999999999999915,-6.990000000000009,12.66,16.75999999999999,5.719999999999992,-16.799999999999997,-4.589999999999989,-5.170000000000002,25.419999999999987
6.719999999999999,4.640000000000001,6.090000000000003,-8.91,-20.360000000000014,-1.759999999999998,15.429999999999993,5.379999999999981,-3.440000000000005,-35.349999999999994
-7.329999999999998,-4.309999999999988,10.030000000000001,15.07,-0.5699999999999932,-3.9499999999999957,-1.1099999999999852,2.8300000000000125,-0.0799999999999983,18.0
2.510000000000005,1.4799999999999898,-1.5999999999999943,-16.59,6.769999999999982,0.9499999999999957,-13.920000000000002,0.09999999999999432,7.229999999999997,25.400000000000006
-5.969999999999999,-8.689999999999998,9.799999999999983,9.66,4.830000000000041,-0.29999999999999716,24.730000000000004,-9.909999999999997,-0.5600000000000023,-38.660000000000025
4.719999999999999,4.700000000000003,-11.099999999999994,-6.280000000000001,14.560000000000002,5.309999999999995,4.090000000000003,3.219999999999999,0.4200000000000017,-7.72999999999999
1.2800000000000011,-5.090000000000003,3.1699999999999875,13.96,1.2199999999999704,-3.1999999999999957,-36.05000000000001,-5.989999999999995,-2.319999999999993,39.43000000000001
-3.780000000000001,0.5799999999999983,13.630000000000024,-9.54,-20.409999999999968,0.23000000000000398,31.05000000000001,7.3500000000000085,1.1199999999999903,-39.75999999999999
-1.1300000000000097,-2.1099999999999994,-14.160000000000025,9.329999999999998,13.95999999999998,-2.0400000000000063,-43.170000000000016,-9.860000000000014,3.8700000000000045,76.78999999999999
-0.44999999999998863,-0.4200000000000017,9.310000000000002,-6.16,7.2099999999999795,-1.1299999999999955,17.790000000000006,5.570000000000007,3.6200000000000045,-38.849999999999994
3.1099999999999994,0.46999999999999886,10.640000000000015,10.71,-31.870000000000005,0.3999999999999986,-19.319999999999993,-6.409999999999997,-0.7000000000000028,48.359999999999985
-2.0500000000000114,-2.539999999999992,8.189999999999998,-20.29,18.54000000000002,3.8100000000000023,33.30999999999999,4.939999999999998,3.510000000000005,-63.31
6.050000000000011,-3.4200000000000017,-5.509999999999991,18.230000000000004,13.519999999999982,-0.5,-6.359999999999999,-3.6300000000000097,-1.440000000000012,-2.6299999999999955
-0.10999999999999943,2.6499999999999986,-2.660000000000025,-22.67,-14.879999999999995,-0.21999999999999886,-10.469999999999999,0.4300000000000068,4.719999999999999,33.16
-6.280000000000001,-1.6700000000000017,20.420000000000016,22.39,13.840000000000032,-4.670000000000002,-14.659999999999997,1.8299999999999983,-3.029999999999987,29.689999999999998
1.4399999999999977,5.580000000000005,-5.159999999999997,-3.789999999999999,-10.29000000000002,0.39000000000000057,35.510000000000005,0.6700000000000017,-0.44000000000001194,-72.25999999999999
2.3799999999999955,-1.3400000000000034,8.039999999999992,-16.53,10.75,3.809999999999995,15.719999999999999,4.349999999999994,-2.0799999999999983,-3.539999999999992
3.980000000000004,-3.530000000000001,-8.680000000000007,1.4900000000000002,-10.680000000000007,-1.4899999999999949,-18.069999999999993,2.1599999999999966,0.7600000000000051,-2.0800000000000125
-5.530000000000001,-0.12999999999999545,-0.18999999999999773,-7.390000000000001,4.5400000000000205,-1.4299999999999997,-4.890000000000015,-1.9799999999999898,-0.6599999999999966,9.560000000000002
7.289999999999992,3.6499999999999915,11.860000000000014,5.290000000000001,-4.930000000000007,5.829999999999998,-18.989999999999995,2.1299999999999955,-2.4000000000000057,51.93000000000001
-4.579999999999998,-4.3999999999999915,-4.0400000000000205,0.6499999999999986,16.49000000000001,-0.6200000000000045,0.6700000000000017,-9.549999999999997,4.609999999999999,-1.4300000000000068
-3.9299999999999926,3.700000000000003,16.900000000000006,12.84,-15.650000000000034,-4.329999999999998,-4.530000000000001,7.260000000000005,1.3900000000000006,13.960000000000008
4.8700000000000045,1.509999999999991,-14.639999999999986,1.2899999999999991,-10.279999999999973,1.3100000000000023,14.519999999999996,3.609999999999985,-2.9399999999999977,-32.56999999999999
-3.470000000000013,-1.6599999999999966,20.659999999999968,-13.129999999999999,17.96999999999997,-0.38000000000000256,14.549999999999997,-5.279999999999987,-0.6899999999999977,-41.24000000000001
-1.25,-6.719999999999999,-18.70999999999998,21.38,-1.2999999999999545,1.240000000000002,-27.39999999999999,1.3599999999999994,9.019999999999996,54.349999999999994
8.14,-0.2700000000000031,18.55000000000001,-14.349999999999998,-12.300000000000011,1.8900000000000006,33.02999999999999,2.530000000000001,-6.269999999999996,-62.97
-7.1699999999999875,2.780000000000001,0.8199999999999932,5.349999999999998,-14.519999999999982,-0.07000000000000028,3.6100000000000136,-6.170000000000002,5.579999999999998,7.469999999999999
2.8899999999999864,-5.350000000000001,9.04000000000002,-2.0699999999999967,25.839999999999975,-4.950000000000003,-36.290000000000006,-0.39000000000000057,1.519999999999996,55.09
3.450000000000017,6.1200000000000045,-17.360000000000014,-16.810000000000002,-9.319999999999993,4.68,8.150000000000006,-2.230000000000004,-5.659999999999997,-28.289999999999992
-1.2199999999999989,0.9399999999999977,21.480000000000018,9.079999999999998,18.189999999999998,-0.519999999999996,-11.180000000000007,1.5700000000000074,0.7800000000000011,19.310000000000002
0.1799999999999784,-1.3400000000000034,12.009999999999991,-5.299999999999999,-17.470000000000027,1.6799999999999926,47.790000000000006,6.1499999999999915,5.569999999999993,-49.22
-3.2299999999999898,-3.8799999999999955,-8.490000000000009,-0.3100000000000005,-14.229999999999961,-4.699999999999996,-50.980000000000004,-9.420000000000002,-4.299999999999997,71.28999999999999
-1.1700000000000017,3.8999999999999986,-0.9599999999999795,6.779999999999999,-2.420000000000016,4.940000000000005,18.439999999999998,8.41000000000001,2.4200000000000017,-37.81999999999999
1.1200000000000045,2.9200000000000017,0.7599999999999909,-1.129999999999999,25.089999999999975,-1.8900000000000006,2.5400000000000063,-4.510000000000005,-6.450000000000003,-2.280000000000001
0.3499999999999943,-1.6799999999999997,21.049999999999955,10.030000000000001,-7.029999999999973,-0.30000000000000426,12.530000000000001,1.6200000000000045,-2.759999999999991,-20.200000000000017
-6.109999999999999,5.640000000000001,-9.669999999999959,8.579999999999998,-3.3600000000000136,0.3500000000000014,4.299999999999983,-0.6600000000000108,2.839999999999989,0.4800000000000182
0.46999999999999886,-5.590000000000003,31.180000000000007,-26.38,-14.009999999999991,0.8100000000000023,-35.23999999999998,-3.289999999999992,-0.04999999999999716,56.20999999999998
3.5799999999999983,0.6400000000000006,-15.150000000000034,3.750000000000001,21.75999999999999,-2.6499999999999986,15.539999999999992,7.429999999999993,-0.09000000000000341,-15.909999999999997
-2.839999999999989,4.189999999999998,5.670000000000016,22.01,-19.920000000000016,0.0,-6.329999999999998,1.8000000000000114,-4.5,-7.109999999999985
5.8799999999999955,0.6500000000000057,20.850000000000023,-16.900000000000002,1.990000000000009,0.4399999999999977,-14.120000000000005,0.7599999999999909,3.2900000000000063,27.819999999999993
-4.200000000000003,-1.7199999999999989,-8.900000000000034,7.050000000000001,2.140000000000043,-2.539999999999999,4.13000000000001,-11.439999999999998,-7.790000000000006,-4.710000000000008
1.7399999999999949,4.459999999999994,-220.91,-0.1700000000000017,17.21999999999997,1.5899999999999963,40.71000000000001,10.560000000000002,4.400000000000006,-58.81999999999999
-1.4899999999999949,-3.239999999999995,1.75,-14.69,-9.0,-1.5399999999999991,-5.850000000000023,-8.210000000000008,-5.3799999999999955,5.4199999999999875
0.9899999999999949,7.429999999999993,1.2700000000000102,19.299999999999997,-2.8500000000000227,2.3800000000000026,6.8700000000000045,-0.5899999999999892,0.6499999999999915,-10.019999999999982
4.960000000000008,0.8900000000000006,-2.680000000000007,-9.29,-12.17999999999995,-0.3400000000000034,-12.900000000000006,4.799999999999997,-2.799999999999997,10.590000000000003
-0.5400000000000063,-6.670000000000002,5.650000000000006,12.18,25.20999999999998,-0.22999999999999687,-10.489999999999995,-7.290000000000006,0.7399999999999949,17.47999999999999
1.1400000000000006,1.730000000000004,4.009999999999991,1.6900000000000013,-9.519999999999982,-0.5600000000000023,-21.58999999999999,8.490000000000009,5.340000000000003,33.22999999999999
-1.4499999999999886,-0.5900000000000034,0.4000000000000057,-12.719999999999999,14.579999999999984,-0.8500000000000014,27.400000000000006,1.1799999999999926,-0.030000000000001137,-33.72
-1.3500000000000085,-3.5999999999999943,3.2900000000000063,4.969999999999999,-31.29000000000002,3.4299999999999997,0.75,-7.840000000000003,0.09000000000000341,1.9300000000000068
-0.8100000000000023,3.530000000000001,2.7099999999999937,-13.67,8.960000000000036,-3.3399999999999963,-20.680000000000007,0.37000000000000455,-2.7099999999999937,23.19999999999999
2.489999999999995,0.4299999999999926,-0.35999999999999943,10.33,-5.800000000000011,3.8200000000000003,1.7000000000000028,5.930000000000007,-0.2600000000000051,-6.2099999999999795
-7.589999999999989,-2.469999999999999,0.4399999999999977,-11.34,32.849999999999966,1.0799999999999983,-10.560000000000002,0.8699999999999903,1.980000000000004,34.5
9.850000000000009,0.8400000000000034,5.040000000000006,5.6,-0.9899999999999523,-0.5799999999999983,41.55999999999999,-4.079999999999998,-0.0799999999999983,-80.4
-8.540000000000006,0.20000000000000284,4.759999999999991,-11.33,-16.08000000000004,-0.4299999999999997,-19.919999999999987,-0.060000000000002274,-0.8600000000000136,34.06999999999999
1.3199999999999932,3.1799999999999926,0.3400000000000034,17.83,-5.430000000000007,-0.9299999999999997,-24.13000000000001,-5.1499999999999915,1.8400000000000034,43.20000000000002
-4.3999999999999915,-2.1699999999999875,0.060000000000002274,-12.189999999999998,11.480000000000018,-2.190000000000005,23.120000000000005,12.189999999999984,-6.1299999999999955,-45.53
13.579999999999984,1.3599999999999994,-2.3799999999999955,0.5799999999999983,-8.060000000000002,3.770000000000003,6.25,-0.10999999999998522,0.5,-9.450000000000017
-3.780000000000001,-1.8900000000000006,2.549999999999983,1.4000000000000004,-15.75,-1.7899999999999991,-1.9399999999999977,-5.650000000000006,5.859999999999999,-2.009999999999991
0.9900000000000091,-0.2400000000000091,1.0100000000000193,12.959999999999999,26.090000000000032,-0.9100000000000037,7.910000000000011,-0.9099999999999966,-1.8799999999999955,-8.719999999999999
-9.459999999999994,0.14000000000000057,3.049999999999983,-0.2699999999999996,-2.57000000000005,2.0700000000000003,6.179999999999978,1.7800000000000011,5.86999999999999,-12.930000000000007
0.36999999999999034,-5.859999999999999,8.120000000000005,-10.35,-1.4899999999999523,-1.3900000000000006,-32.36999999999999,-2.980000000000004,-4.140000000000001,76.66
0.18000000000000682,3.930000000000007,7.420000000000016,18.54,-17.670000000000016,-0.9899999999999949,13.060000000000002,6.820000000000007,1.9500000000000028,-37.44999999999999
6.060000000000002,0.19999999999998863,2.269999999999982,-8.030000000000001,9.199999999999989,-2.010000000000005,-9.63000000000001,-4.890000000000001,-3.5900000000000034,6.799999999999983
-3.049999999999997,0.5600000000000023,-6.009999999999991,-0.10999999999999943,22.0,3.0800000000000054,2.740000000000009,-2.049999999999997,1.730000000000004,9.880000000000024
3.319999999999993,-1.6799999999999926,-47.53,-10.57,-11.480000000000018,-4.990000000000002,32.53,1.029999999999987,6.549999999999997,-50.890000000000015
4.250000000000014,-3.2900000000000063,7.789999999999992,8.64,-3.099999999999966,1.4600000000000009,-10.830000000000013,-1.009999999999991,-7.170000000000002,24.97
-4.52000000000001,1.5400000000000063,3.2700000000000102,2.6799999999999997,-1.4800000000000182,-0.21999999999999886,-29.75999999999999,2.8499999999999943,2.660000000000011,30.349999999999994
2.039999999999992,3.0,1.2399999999999949,-10.14,-10.899999999999977,0.09999999999999432,19.560000000000002,-5.459999999999994,0.8999999999999915,-24.45999999999998
-2.1400000000000006,4.61999999999999,-0.45999999999999375,4.240000000000002,3.4499999999999886,-0.12999999999999545,9.939999999999998,1.1499999999999915,-2.7099999999999937,-34.18000000000001
-2.009999999999991,-2.319999999999993,1.7299999999999898,-16.05,4.829999999999984,2.549999999999997,-12.75,2.2900000000000063,-4.269999999999996,22.789999999999992
-1.5900000000000034,5.430000000000007,-0.9099999999999966,6.43,14.509999999999991,-2.6199999999999974,11.740000000000009,7.659999999999997,-1.0600000000000023,-17.97
-2.980000000000004,-1.6700000000000017,8.450000000000003,-5.36,2.160000000000025,3.210000000000001,-25.750000000000014,-6.420000000000002,3.1899999999999977,66.57
-2.4399999999999977,-2.1400000000000006,0.6099999999999994,6.95,-14.45999999999998,-3.6499999999999986,35.14,8.000000000000014,-5.0,-78.13
2.3700000000000045,3.1299999999999955,1.3599999999999994,1.9499999999999993,5.319999999999993,0.7999999999999972,-15.86,0.549999999999983,-0.8500000000000085,16.689999999999998
6.340000000000003,-4.140000000000001,4.159999999999997,16.330000000000002,-15.490000000000009,-1.4299999999999997,-15.159999999999997,1.960000000000008,0.9000000000000057,36.94
0.8999999999999915,-2.8499999999999943,2.480000000000004,5.109999999999999,-5.350000000000023,4.920000000000002,1.6599999999999966,-1.4799999999999898,7.290000000000006,-4.8799999999999955
2.1400000000000006,2.059999999999988,-7.709999999999994,-28.12,5.580000000000041,-1.9600000000000009,0.75,-12.720000000000013,-3.5200000000000102,8.430000000000007
-8.049999999999997,-2.269999999999996,7.629999999999981,3.75,21.16999999999996,1.4200000000000017,-10.789999999999992,8.950000000000003,3.8800000000000097,22.090000000000003
1.5,5.760000000000005,-0.8099999999999739,19.17,-10.349999999999966,-1.1500000000000057,12.179999999999993,-7.849999999999994,-2.3599999999999994,-45.23000000000002
1.5,0.35999999999999943,1.4799999999999898,-13.96,-8.240000000000009,2.720000000000006,3.719999999999999,-2.3900000000000006,-0.4300000000000068,18.53
-2.3799999999999955,0.8299999999999983,12.430000000000007,-11.780000000000001,-10.910000000000025,-0.7100000000000009,-13.269999999999996,6.709999999999994,-5.170000000000002,8.490000000000009
7.089999999999989,1.8900000000000006,0.8299999999999841,30.459999999999997,6.850000000000023,-0.47000000000000597,35.959999999999994,-6.769999999999996,2.5400000000000063,-45.59
-6.709999999999994,-2.0900000000000034,-5.469999999999999,-9.469999999999995,-6.819999999999993,-2.8299999999999983,-10.310000000000002,0.7299999999999898,-0.10000000000000853,8.900000000000006
-1.5600000000000023,1.8299999999999983,14.240000000000009,-19.1,9.829999999999984,-0.17999999999999972,-3.789999999999992,9.549999999999997,-2.739999999999995,4.009999999999991
5.320000000000007,-4.859999999999999,2.769999999999982,10.01,8.730000000000018,2.1200000000000045,-18.39,-6.839999999999989,3.6200000000000045,23.340000000000003
-1.75,1.75,-2.5299999999999727,12.81,-3.5200000000000387,2.309999999999995,-3.1499999999999915,-5.230000000000004,3.0999999999999943,16.890000000000015
3.039999999999992,0.45000000000000284,-0.710000000000008,-9.129999999999999,-0.5299999999999727,-1.9499999999999957,44.51999999999998,6.230000000000004,-2.1499999999999915,-55.95000000000002
0.4399999999999977,-2.1799999999999926,-3.240000000000009,16.199999999999996,20.420000000000016,1.269999999999996,-4.22999999999999,-3.780000000000001,1.7399999999999949,-14.840000000000003
0.4099999999999966,3.9599999999999937,2.5,-26.789999999999996,-37.30000000000001,-0.259999999999998,-29.129999999999995,7.799999999999997,-5.469999999999999,39.380000000000024
-7.609999999999999,-5.409999999999997,4.590000000000003,14.689999999999998,6.259999999999991,-1.6499999999999986,0.8499999999999943,-0.7399999999999949,0.1700000000000017,7.72999999999999
-2.6099999999999994,4.590000000000003,5.719999999999999,7.420000000000002,22.00999999999999,-1.1900000000000048,-11.36,-7.510000000000005,5.259999999999991,8.620000000000005
2.8700000000000045,-2.5400000000000063,-4.859999999999985,-21.490000000000002,-1.420000000000016,1.5500000000000043,-6.510000000000005,3.6899999999999977,-6.699999999999989,15.439999999999998
5.090000000000003,3.510000000000005,6.569999999999993,19.64,-23.799999999999955,0.17999999999999972,37.34,5.8700000000000045,0.9799999999999898,-61.20000000000002
-4.260000000000005,-2.990000000000009,-2.420000000000016,-13.28,5.029999999999973,2.8299999999999983,16.060000000000002,-11.650000000000006,2.5200000000000102,2.480000000000018
-0.09000000000000341,2.010000000000005,12.590000000000003,4.26,8.680000000000007,-1.8100000000000023,-30.959999999999994,2.280000000000001,2.8999999999999915,24.710000000000008
5.480000000000004,-5.519999999999996,-3.4099999999999966,-3.3599999999999994,-1.3000000000000114,-0.03999999999999915,2.6199999999999903,1.6099999999999994,-0.20999999999999375,6.049999999999983
-3.730000000000004,-2.8300000000000125,7.259999999999991,9.600000000000001,-10.110000000000014,-1.0899999999999963,21.610000000000014,3.6400000000000006,4.679999999999993,-40.22
-2.089999999999989,5.820000000000007,2.180000000000007,0.5499999999999972,-2.75,-0.8900000000000006,-48.400000000000006,-0.2599999999999909,-6.6299999999999955,74.5
2.780000000000001,-3.549999999999997,12.120000000000005,-12.04,25.670000000000016,-1.8200000000000003,17.090000000000003,0.29999999999999716,5.209999999999994,-27.840000000000003
3.589999999999989,-0.8200000000000074,-0.19999999999998863,4.309999999999999,2.1299999999999955,1.3599999999999994,7.589999999999989,5.230000000000004,0.9900000000000091,-12.359999999999985
-5.909999999999997,-0.9500000000000028,-6.490000000000009,8.830000000000002,-9.649999999999977,-0.7299999999999969,13.66000000000001,-11.300000000000011,1.539999999999992,-18.120000000000005
10.899999999999991,2.950000000000003,3.0900000000000034,0.379999999999999,-17.840000000000032,0.9899999999999949,-26.75,0.8100000000000023,-1.039999999999992,47.099999999999994
-7.449999999999989,-2.799999999999997,7.069999999999993,3.4499999999999993,9.5,-1.3900000000000006,28.75999999999999,2.9099999999999966,-4.189999999999998,-34.28999999999999
7.900000000000006,2.0900000000000034,-4.02000000000001,-5.719999999999999,19.110000000000014,5.090000000000003,-23.090000000000003,0.8500000000000085,-0.3300000000000125,27.650000000000006
-6.510000000000005,3.5999999999999943,15.360000000000014,2.289999999999999,-24.279999999999973,-3.3400000000000034,23.860000000000014,5.660000000000011,-0.6899999999999977,-40.170000000000016
7.290000000000006,1.1599999999999966,10.180000000000007,-24.799999999999997,22.129999999999995,0.6400000000000006,-35.45,0.789999999999992,-0.0799999999999983,49.0
-10.690000000000012,-2.089999999999989,-15.810000000000002,4.64,8.169999999999959,2.510000000000005,1.4699999999999989,-7.6200000000000045,1.4399999999999977,-3.1399999999999864
-3.9200000000000017,-1.2600000000000051,14.530000000000001,12.420000000000002,-10.089999999999975,-1.6100000000000065,-3.1500000000000057,1.0999999999999943,-5.709999999999994,11.949999999999989
0.45000000000000284,0.20000000000000284,-3.5,-12.54,-21.069999999999993,-1.1999999999999957,42.760000000000005,6.1200000000000045,2.9599999999999937,-63.91999999999999
8.649999999999991,0.9899999999999949,15.199999999999989,6.159999999999999,13.180000000000007,3.969999999999999,0.47999999999998977,-5.989999999999995,-0.25,-8.54000000000002
-5.4399999999999835,-5.0,0.0800000000000125,-4.27,-11.75,-1.0,-14.769999999999982,1.8399999999999892,8.100000000000009,21.01000000000002
-2.260000000000005,1.5600000000000023,-7.02000000000001,3.9499999999999993,14.449999999999989,-3.8500000000000014,-28.690000000000012,4.110000000000014,-2.950000000000003,36.91
7.040000000000006,1.1200000000000045,16.560000000000002,-2.1499999999999986,-15.120000000000005,3.009999999999998,23.14,-5.790000000000006,-1.7600000000000051,-25.909999999999997
-5.540000000000006,-2.730000000000004,3.3000000000000114,3.299999999999999,-4.170000000000016,0.9900000000000091,-4.579999999999998,-2.049999999999997,-0.519999999999996,4.579999999999984
-1.9599999999999937,-3.269999999999996,-13.990000000000009,-3.1500000000000004,29.160000000000025,-0.07000000000000739,15.200000000000003,4.840000000000003,1.9599999999999937,-6.159999999999997
6.9199999999999875,0.5399999999999991,3.960000000000008,5.8100000000000005,-9.490000000000009,-4.549999999999997,-19.49000000000001,-6.660000000000011,-0.8799999999999955,14.349999999999994
-6.329999999999998,-2.25,14.95999999999998,6.559999999999999,-7.910000000000025,0.28000000000000114,25.900000000000006,5.859999999999999,1.9099999999999966,-34.150000000000006
7.1200000000000045,-1.2000000000000028,-7.6200000000000045,-11.739999999999998,11.880000000000052,-1.0900000000000034,-25.200000000000003,0.09000000000000341,0.5900000000000034,38.04000000000002
-6.290000000000006,6.330000000000005,20.970000000000027,3.6799999999999997,-24.24000000000001,-0.5499999999999972,20.38000000000001,3.390000000000015,0.04999999999999716,-23.360000000000014
0.8500000000000085,-2.440000000000005,-18.090000000000003,12.170000000000002,32.14999999999998,-0.6600000000000037,-12.63000000000001,-1.1200000000000188,0.18000000000000682,10.090000000000003
4.480000000000004,0.5899999999999963,1.8999999999999773,-22.950000000000003,2.7200000000000273,3.6300000000000026,-0.37000000000000455,-1.509999999999991,2.4099999999999966,-1.9499999999999886
-6.5800000000000125,0.4300000000000068,28.659999999999997,24.48,-34.450000000000045,1.9600000000000009,8.39,-6.8700000000000045,1.0400000000000063,-16.01000000000002
5.180000000000007,0.9899999999999949,3.3700000000000045,-26.759999999999998,28.340000000000032,-1.7000000000000028,-14.159999999999997,4.070000000000007,-6.650000000000006,30.860000000000014
2.660000000000011,0.480000000000004,-9.430000000000007,22.169999999999998,-19.090000000000032,1.6200000000000045,-0.7399999999999949,5.590000000000003,2.9200000000000017,6.139999999999986
-6.360000000000014,-1.6899999999999977,14.710000000000036,2.6999999999999993,5.980000000000018,-0.740000000000002,24.299999999999997,-7.1200000000000045,3.069999999999993,-52.339999999999975
8.310000000000002,4.089999999999989,-7.220000000000027,-8.189999999999998,-9.529999999999973,-0.45000000000000284,-28.060000000000002,-1.980000000000004,-2.539999999999992,50.91
-12.370000000000005,-6.259999999999991,9.269999999999982,-5.550000000000001,9.979999999999961,-2.8599999999999994,-6.239999999999995,8.170000000000002,-1.25,1.9599999999999795
5.109999999999999,7.140000000000001,-0.6199999999999477,1.25,-3.8100000000000023,1.3200000000000003,-2.799999999999997,-3.680000000000007,-3.510000000000005,17.310000000000002
5.929999999999993,2.25,-4.310000000000002,9.59,-10.579999999999984,1.0700000000000003,35.870000000000005,-2.0,4.1200000000000045,-62.91999999999999
-0.3599999999999852,0.6899999999999977,12.629999999999995,-5.850000000000001,-0.07999999999998408,1.740000000000002,-22.170000000000016,4.810000000000002,-8.240000000000009,28.97999999999999
-1.9300000000000068,-3.3599999999999994,1.8599999999999568,2.700000000000003,15.990000000000009,-2.719999999999999,34.920000000000016,-7.780000000000001,0.7800000000000011,-35.28
-6.030000000000001,3.230000000000004,23.640000000000043,14.939999999999998,-3.1000000000000227,1.4499999999999957,-47.170000000000016,0.46999999999999886,3.719999999999999,62.379999999999995
7.170000000000002,-1.1400000000000006,-11.53000000000003,-19.63,9.329999999999984,3.25,32.20000000000002,2.8299999999999983,-0.4399999999999977,-51.67999999999998
-0.39000000000000057,4.170000000000002,18.879999999999995,7.710000000000001,0.8400000000000318,-2.5700000000000003,-10.219999999999999,-3.759999999999991,-1.8799999999999955,-1.0200000000000102
-6.890000000000001,-6.610000000000014,-10.060000000000002,-13.260000000000002,-9.189999999999998,0.4100000000000037,4.019999999999982,2.1499999999999915,0.18000000000000682,20.03
2.530000000000001,1.6200000000000045,15.939999999999998,4.76,-12.090000000000032,-2.260000000000005,0.15000000000000568,5.740000000000009,-3.4000000000000057,-4.5
-4.8799999999999955,2.3700000000000045,-13.349999999999966,16.96,-1.1800000000000068,-0.12999999999999545,8.419999999999987,5.769999999999982,7.760000000000005,-27.53
5.179999999999993,-1.2800000000000011,15.95999999999998,-2.34,-0.0999999999999659,-0.5200000000000031,-31.249999999999986,-3.839999999999975,0.45999999999999375,53.50999999999999
-2.219999999999999,-2.700000000000003,-2.849999999999966,-4.329999999999998,3.6299999999999955,2.3700000000000045,10.370000000000005,0.3499999999999943,-4.560000000000002,-21.859999999999985
-3.799999999999997,-4.039999999999992,8.819999999999993,-5.559999999999999,17.980000000000018,-2.530000000000001,-6.980000000000004,-8.66000000000001,6.040000000000006,23.109999999999985
11.570000000000007,-0.6600000000000037,5.0,-13.750000000000002,-6.7900000000000205,-0.5600000000000023,-7.040000000000006,-0.7999999999999972,2.6299999999999955,10.590000000000003
-3.1300000000000097,4.079999999999991,3.359999999999957,10.979999999999999,1.9499999999999886,4.200000000000003,12.939999999999998,9.030000000000001,0.20000000000000284,-33.47
-2.2099999999999937,-1.5,32.75,6.98,12.910000000000025,-1.8400000000000034,-22.629999999999995,-6.170000000000002,2.6799999999999926,44.849999999999994
5.490000000000009,0.21000000000000796,-7.96999999999997,-20.5,-6.890000000000043,2.0,46.769999999999996,-0.8999999999999915,-3.469999999999999,-63.26999999999998
-1.960000000000008,-0.21000000000000796,-0.8400000000000318,13.700000000000001,-18.16999999999996,-0.8900000000000006,-16.180000000000007,3.319999999999993,-4.950000000000003,25.400000000000006
-1.9000000000000057,3.8500000000000085,18.610000000000014,15.91,27.129999999999995,-2.739999999999995,10.320000000000022,2.5400000000000063,-2.529999999999987,-20.860000000000014
-4.459999999999994,-2.8400000000000034,-6.170000000000016,-16.82,-4.610000000000014,2.9599999999999937,12.149999999999977,-6.609999999999999,0.539999999999992,-20.849999999999994
5.719999999999999,-2.1400000000000006,4.340000000000032,-11.700000000000001,-12.660000000000025,0.12000000000000455,-45.079999999999984,1.0300000000000011,2.9200000000000017,64.63
-6.8500000000000085,-4.920000000000002,-1.0500000000000114,19.089999999999996,-6.059999999999945,0.7800000000000011,8.799999999999997,3.839999999999989,1.4200000000000017,-21.930000000000007
0.46000000000000796,1.4400000000000048,7.980000000000018,-13.179999999999998,21.92999999999995,-4.100000000000001,28.64,0.9100000000000108,4.340000000000003,-29.549999999999983
1.1599999999999966,2.270000000000003,6.800000000000011,-2.290000000000001,-18.319999999999993,-0.5600000000000023,-4.819999999999993,-3.5,-4.240000000000009,0.23999999999998067
-1.4299999999999926,0.8999999999999915,26.70999999999998,23.05,-5.039999999999964,3.3599999999999994,8.789999999999992,-3.6100000000000136,-2.5799999999999983,-2.4399999999999977
10.659999999999982,-2.069999999999993,9.240000000000009,-28.52,32.01999999999998,-1.1899999999999977,-42.269999999999996,9.730000000000018,-0.5699999999999932,59.47
-4.989999999999981,1.4899999999999949,3.589999999999975,13.189999999999998,2.3600000000000136,-0.240000000000002,23.709999999999994,-6.490000000000009,6.199999999999989,-39.29999999999998
-0.19000000000001194,-0.6299999999999955,-3.75,-9.93,-18.379999999999995,0.28000000000000114,-20.429999999999993,2.299999999999997,-0.5499999999999972,36.129999999999995
-6.439999999999998,6.179999999999993,-3.5600000000000023,5.94,12.879999999999995,2.960000000000001,43.769999999999996,4.579999999999998,-7.089999999999989,-64.52000000000001
-1.1700000000000017,-7.039999999999992,16.19999999999999,13.25,-0.12999999999999545,-5.359999999999999,-14.879999999999995,-1.730000000000004,4.489999999999995,8.930000000000007
9.420000000000002,5.599999999999994,38.34000000000003,-18.63,-6.390000000000043,3.1400000000000006,-9.88000000000001,1.5300000000000153,-2.460000000000008,15.800000000000011
-5.789999999999992,-0.10999999999999943,-0.4800000000000182,12.529999999999998,11.460000000000036,1.259999999999998,12.420000000000002,-9.360000000000014,-2.269999999999996,-1.0700000000000216
6.6499999999999915,-0.09999999999999432,11.420000000000016,-1.4499999999999993,-33.43000000000001,0.7700000000000031,-31.97999999999999,1.4399999999999977,4.980000000000004,38.670000000000016
-4.780000000000001,-2.1000000000000085,-7.03000000000003,11.900000000000002,4.839999999999975,-0.010000000000005116,15.329999999999998,-4.11999999999999,2.569999999999993,-30.590000000000003
5.050000000000011,-2.6899999999999977,-14.419999999999959,-23.540000000000003,13.700000000000045,-2.8599999999999994,6.070000000000007,8.879999999999995,-1.6400000000000006,-8.420000000000016
-1.5700000000000074,-1.1799999999999997,39.52999999999997,23.810000000000002,-5.940000000000055,-0.8599999999999994,-10.27000000000001,-2.8400000000000034,4.1200000000000045,23.24000000000001
-0.3100000000000023,3.509999999999998,-17.129999999999995,-2.5400000000000027,-1.829999999999984,-2.039999999999999,16.44999999999999,7.590000000000018,-3.789999999999992,-42.81999999999999
3.2099999999999937,-4.049999999999997,-1.170000000000016,-18.15,20.819999999999993,3.979999999999997,-35.94999999999999,-9.070000000000007,-2.8100000000000023,68.75999999999999
0.0700000000000216,6.510000000000005,49.730000000000075,-0.7400000000000002,-13.20999999999998,-1.8299999999999983,20.22,1.7199999999999989,5.289999999999992,-13.120000000000005
1.5599999999999739,-4.57,-8.56000000000006,18.810000000000002,-19.05000000000001,-1.3900000000000006,-1.5600000000000023,-1.9699999999999989,-1.0699999999999932,-11.370000000000005
-7.769999999999982,4.469999999999992,24.680000000000064,-21.32,2.340000000000032,0.37000000000000455,16.159999999999997,4.759999999999991,-5.079999999999998,-24.279999999999973
-4.910000000000011,-4.679999999999993,-41.190000000000055,16.06,5.5499999999999545,1.519999999999996,-7.829999999999998,-4.409999999999997,1.1299999999999955,12.719999999999999
-0.6799999999999926,1.0699999999999932,14.610000000000014,3.6300000000000026,10.470000000000027,1.7000000000000028,22.299999999999997,5.269999999999996,4.900000000000006,-34.72
0.5799999999999983,2.8400000000000034,3.7200000000000273,-0.5199999999999996,2.8999999999999773,-3.980000000000004,-52.14,-8.75,-1.4300000000000068,85.54999999999998
6.25,-0.8100000000000023,13.93999999999994,-22.990000000000002,6.560000000000002,3.3700000000000045,22.67,12.300000000000011,-6.219999999999999,-46.359999999999985
-5.439999999999998,4.52000000000001,16.840000000000032,-0.029999999999999805,-20.589999999999975,-1.8400000000000034,-9.819999999999993,-10.830000000000013,1.0100000000000051,20.569999999999993
3.4299999999999926,0.5599999999999881,20.850000000000023,4.1899999999999995,7.860000000000014,0.010000000000005116,10.25,5.290000000000006,-2.780000000000001,-27.00999999999999
-0.01999999999999602,1.2800000000000011,26.25,5.91,-2.580000000000041,1.9599999999999937,25.560000000000002,-3.519999999999996,2.1700000000000017,-22.55000000000001
-4.560000000000002,-5.1499999999999915,-43.620000000000005,18.65,13.080000000000041,0.970000000000006,-41.68000000000001,4.579999999999998,-4.109999999999999,60.99000000000001
2.8299999999999983,2.259999999999991,62.10000000000002,-15.429999999999998,9.649999999999977,0.509999999999998,33.16,3.089999999999989,-2.25,-53.75
3.1400000000000006,1.6500000000000057,3.409999999999968,-5.790000000000001,-26.24000000000001,0.6700000000000017,-34.3,-2.319999999999993,2.8999999999999915,49.69999999999999
2.3599999999999994,-1.2800000000000011,-21.050000000000068,-6.069999999999999,-8.990000000000009,0.04999999999999716,27.179999999999993,1.4199999999999875,-4.329999999999998,-51.19999999999999
-0.5300000000000011,-1.6099999999999994,18.790000000000077,4.15,27.689999999999998,-0.8900000000000006,17.689999999999998,-0.9799999999999898,4.560000000000002,-12.439999999999998
-1.5999999999999943,2.950000000000003,10.519999999999982,22.689999999999998,1.8799999999999955,-4.589999999999996,-0.8899999999999864,-1.6700000000000017,0.009999999999990905,3.7399999999999807
0.6099999999999994,1.0799999999999983,15.299999999999955,-17.71,-19.149999999999977,4.289999999999999,-16.960000000000008,-2.009999999999991,1.6800000000000068,11.340000000000003
3.3200000000000074,-1.9899999999999949,19.910000000000082,10.549999999999999,3.8799999999999955,1.1599999999999966,10.01000000000002,-4.3500000000000085,-3.3900000000000006,-20.870000000000005
1.3100000000000023,2.1299999999999955,12.209999999999923,-3.9399999999999977,5.680000000000007,-1.5300000000000011,-36.60000000000001,9.789999999999992,1.269999999999996,57.30000000000001
-3.460000000000008,0.5,41.879999999999995,4.82,7.449999999999989,-3.8999999999999986,28.279999999999987,-10.569999999999993,1.4500000000000028,-30.00999999999999
1.6299999999999955,-2.0600000000000023,-48.809999999999945,3.469999999999999,-15.45999999999998,0.8299999999999983,8.900000000000006,3.440000000000012,3.1299999999999955,-16.960000000000008
-3.8100000000000023,-5.849999999999994,1.5299999999999727,-24.9,25.039999999999964,2.490000000000002,-7.099999999999994,6.6899999999999835,-3.6799999999999926,22.44999999999999
-4.9199999999999875,-0.6700000000000017,65.25999999999999,9.39,0.4500000000000455,-1.1700000000000017,-16.909999999999997,-0.8699999999999903,6.489999999999995,-2.829999999999984
9.909999999999997,3.299999999999997,27.980000000000018,-1.7300000000000004,-21.879999999999995,3.1400000000000006,-18.11,-9.469999999999999,-6.849999999999994,37.389999999999986
-8.490000000000009,-0.5900000000000034,9.93999999999994,-1.5099999999999998,15.339999999999975,-0.509999999999998,1.269999999999996,2.8799999999999955,4.25,7.060000000000002
3.280000000000001,-0.3199999999999932,-42.57999999999993,-5.960000000000001,-12.0,-1.1099999999999994,40.03999999999999,0.8800000000000097,3.8499999999999943,-55.99000000000001
5.240000000000009,2.739999999999995,27.93999999999994,22.71,-18.389999999999986,-2.6799999999999997,-8.5,4.61999999999999,-8.569999999999993,19.370000000000005
-1.4399999999999977,-4.349999999999994,-25.120000000000005,3.66,12.120000000000005,3.3399999999999963,-19.849999999999994,0.5499999999999972,0.3299999999999983,8.830000000000013
2.1500000000000057,2.8499999999999943,-2.6099999999999,-11.240000000000002,16.71999999999997,-0.21999999999999886,-13.11,3.700000000000017,7.969999999999999,41.75999999999999
-9.090000000000018,-1.6200000000000045,62.20999999999992,-0.4799999999999969,-7.919999999999959,-2.8299999999999983,19.349999999999994,-1.2600000000000193,-3.319999999999993,-31.77000000000001
10.15000000000002,0.6099999999999994,32.710000000000036,-14.060000000000002,-12.690000000000055,0.21000000000000085,8.530000000000001,-8.849999999999994,-3.2900000000000063,-16.359999999999985
-12.490000000000009,-0.28000000000000114,-35.40999999999997,22.37,27.33000000000004,1.3799999999999955,20.11999999999999,-0.0799999999999983,6.019999999999996,4.060000000000002
9.33999999999999,0.7000000000000028,37.799999999999955,-24.21,-24.639999999999986,1.3000000000000043,-33.639999999999986,0.8100000000000023,-4.579999999999998,-8.810000000000002
-5.86999999999999,-0.04999999999999716,21.039999999999964,22.44,-7.960000000000036,1.6199999999999974,23.50999999999999,5.329999999999998,1.2399999999999949,9.539999999999992
0.3100000000000023,-2.1799999999999926,-0.4399999999999409,-20.630000000000003,8.980000000000018,-1.0799999999999983,-15.899999999999991,-8.590000000000003,0.4300000000000068,-17.75
-0.1600000000000108,1.1899999999999977,-44.35000000000002,26.22,7.579999999999984,-2.3599999999999994,3.930000000000007,5.3500000000000085,-3.030000000000001,14.640000000000015
6.970000000000013,-0.4100000000000108,95.85000000000002,-25.71,-9.009999999999991,-0.3100000000000023,16.969999999999985,-4.549999999999997,2.3499999999999943,-3.219999999999999
-6.1000000000000085,-3.1399999999999935,-37.54000000000008,8.83,-5.160000000000025,-2.509999999999998,-19.89999999999999,1.039999999999992,4.090000000000003,-5.5
0.9699999999999989,5.089999999999996,50.610000000000014,-0.08000000000000007,29.010000000000048,4.07,-3.819999999999993,6.260000000000005,1.1400000000000006,7.849999999999994
-5.969999999999999,-4.069999999999993,-11.299999999999955,4.649999999999999,-3.990000000000009,0.21999999999999886,28.83,-4.760000000000005,-0.7000000000000028,5.039999999999992
11.290000000000006,0.769999999999996,6.059999999999945,11.580000000000002,-23.460000000000036,-0.030000000000001137,-42.99000000000001,4.010000000000005,2.5500000000000114,-9.090000000000003
-1.5,-2.6400000000000006,49.31000000000006,-22.64,20.24000000000001,-3.6499999999999986,35.400000000000006,-5.109999999999999,-1.8700000000000045,-8.639999999999986
-10.27000000000001,2.1000000000000085,-39.27999999999997,18.17,8.29000000000002,-0.060000000000002274,3.3100000000000023,-2.6500000000000057,-3.549999999999997,17.120000000000005
8.89,0.28999999999999204,40.01999999999998,1.2899999999999991,-8.960000000000036,4.57,-28.460000000000008,8.629999999999995,5.269999999999996,-10.920000000000016
2.3400000000000176,-2.4299999999999997,-1.0299999999999727,-5.969999999999999,0.5300000000000296,-2.739999999999995,11.230000000000004,1.1500000000000057,-0.7800000000000011,5.1299999999999955
-6.3300000000000125,3.3800000000000026,37.18999999999994,-9.510000000000002,-19.420000000000016,2.5899999999999963,-6.560000000000002,-9.200000000000003,-2.469999999999999,3.3300000000000125
3.219999999999999,-1.4200000000000017,72.07000000000005,5.17,0.160000000000025,-1.3399999999999963,-20.090000000000003,3.0799999999999983,-2.030000000000001,-5.740000000000009
-4.890000000000001,3.469999999999999,-45.36000000000013,16.97,15.439999999999998,1.509999999999998,49.269999999999996,5.670000000000002,-0.8499999999999943,-7.389999999999986
6.790000000000006,-3.4599999999999937,75.65000000000009,-15.879999999999999,6.050000000000011,-4.579999999999998,5.610000000000014,-9.89,0.75,6.539999999999992
-4.060000000000002,7.189999999999998,14.799999999999955,13.899999999999999,-20.920000000000016,4.979999999999997,-22.890000000000015,3.4399999999999977,1.0999999999999943,3.3799999999999955
-4.820000000000007,-4.019999999999996,-67.52999999999997,-7.370000000000001,1.6800000000000068,-4.969999999999999,-4.549999999999983,-3.299999999999997,4.230000000000004,-9.840000000000003
7.829999999999998,1.8699999999999903,36.26999999999998,-0.8399999999999999,-8.230000000000018,5.280000000000001,21.439999999999998,4.930000000000007,-5.079999999999998,6.980000000000018
-5.109999999999999,-3.8699999999999903,57.090000000000146,-12.59,34.53000000000003,-1.740000000000002,-5.969999999999999,4.189999999999998,-1.6300000000000097,4.519999999999982
2.1200000000000045,-1.8200000000000074,67.06999999999994,3.8100000000000005,-12.660000000000025,-1.6899999999999977,-24.310000000000002,-7.260000000000005,3.1200000000000045,-6.280000000000001
-0.6099999999999994,5.650000000000006,24.59999999999991,-0.6600000000000001,-18.69999999999999,2.729999999999997,-2.8299999999999983,2.3700000000000045,-0.6899999999999977,-5.4199999999999875
-3.200000000000003,-3.230000000000004,-6.919999999999845,1.2300000000000004,10.810000000000002,0.8400000000000034,-6.160000000000011,4.929999999999993,-2.269999999999996,10.069999999999993
12.429999999999993,-4.590000000000003,-1.550000000000182,-12.33,19.939999999999998,-1.740000000000002,36.01000000000002,-7.25,0.4199999999999875,2.3400000000000034
-8.769999999999996,-0.8799999999999955,-20.649999999999864,7.5,-19.590000000000032,-2.6199999999999974,-4.180000000000007,4.800000000000011,5.760000000000005,-7.840000000000003
5.980000000000004,4.0,71.91999999999985,9.16,15.170000000000016,-0.8000000000000043,-28.090000000000003,-5.760000000000005,-4.670000000000002,-0.7299999999999898
2.5900000000000034,0.7399999999999949,-0.33999999999991815,-1.3200000000000003,-12.879999999999995,1.9299999999999997,37.609999999999985,9.800000000000011,1.6099999999999994,-2.069999999999993
-9.86,-1.4899999999999949,28.920000000000073,14.66,7.610000000000014,-2.780000000000001,-29.97999999999999,-4.840000000000018,3.3100000000000023,-4.530000000000001
2.6899999999999977,2.25,0.4800000000000182,-27.4,11.45999999999998,1.6400000000000006,19.120000000000005,1.4300000000000068,-5.3999999999999915,10.829999999999984
-6.319999999999993,-5.710000000000001,107.59999999999991,15.26,-14.199999999999989,-2.549999999999997,-22.08,-3.6400000000000006,-0.9200000000000017,-9.169999999999987
9.069999999999993,-2.8900000000000006,-95.47000000000003,-13.04,-5.5,3.8699999999999974,-6.340000000000003,-1.9300000000000068,1.2099999999999937,6.47999999999999
0.10999999999999943,1.6000000000000014,60.88000000000011,18.22,-0.5300000000000296,2.1400000000000006,-5.359999999999999,0.0800000000000125,1.8599999999999994,2.1599999999999966
-4.719999999999999,0.759999999999998,47.82999999999993,-14.16,11.900000000000034,-4.93,-2.0400000000000063,4.739999999999995,-2.1299999999999955,8.629999999999995
,,,,,,,,,
